"BookNumber","id","type","isPost","journal_zht","journal_en","publisher_zht","datePublished","EndPublishedDate","Year","BookType","journalIssue","title_zht","articleSection_zht","ArticleType","author_zht","contributor_zht","pageStart","pageEnd","BeginPage","EndPage","PageRemarks","ColRemarks","BeginFileNumber","identifier","ExternalLinks","keywords","keywords_withEng","image","Files","Staff","text_zht"
"FMP-120504","Article","Y","2922","多情河歌集",NULL,NULL,"1957-01-01",NULL,"1957","4",NULL,"多情河歌集",NULL,"14",NULL,NULL,"1","1","888","888",NULL,NULL,"1","https://library.hkbu.edu.hk/record/?ID=alma991026493720103409&T=PC","https://hkmdb.com/db/movies/view.mhtml?id=2383&display_set=big5","多情河---多情河歌集","多情河---多情河歌集","2922_001.jpg","封面##2922_001.jpg","Kenny",
"FMP-120505","Article","Y","2922","多情河歌集",NULL,NULL,"1957-01-01",NULL,"1957","4",NULL,"多情河",NULL,"9","李雋青---姚敏",NULL,"1","1","1","1",NULL,NULL,"2","https://library.hkbu.edu.hk/record/?ID=alma991026493720103409&T=PC","https://hkmdb.com/db/movies/view.mhtml?id=2383&display_set=big5","多情河---多情河歌集---李雋青---姚敏","多情河---多情河歌集---李雋青---姚敏","2922_002.jpg","頁1##2922_002.jpg","Kenny","<p id =""ocrHead"">多情河</p><p>李隽青詞</p><p>姚　敏曲</p><p>（男）多情河呀水盈盈　東村西村一水分</p><p>（女）多情河呀水盈盈　郎愛歌唱姐愛聽</p><p>（女）多情河呀水盈盈　隔岸歌聲最好聽</p><p>東邊的姑娘長得好　西邊的兒郎來求親</p><p>只要你情歌唱得好</p><p>知道你情歌唱得好</p><p>你有情求我有心（男）多情河呀水盈盈</p><p>唱歌難得有知音　只要你姑娘聽得好</p><p>一輩子情歌唱不停　夜夜到河邊更多情</p>"
"FMP-120506","Article","Y","2922","多情河歌集",NULL,NULL,"1957-01-01",NULL,"1957","4",NULL,"河上相思",NULL,"9","司徒明---姚敏",NULL,"2","2","2","2",NULL,NULL,"3","https://library.hkbu.edu.hk/record/?ID=alma991026493720103409&T=PC","https://hkmdb.com/db/movies/view.mhtml?id=2383&display_set=big5","多情河---多情河歌集---河上相思---司徒明---姚敏","多情河---多情河歌集---河上相思---司徒明---姚敏","2922_003.jpg","頁2##2922_003.jpg","Kenny","<p id =""ocrHead"">河上相思</p><p>司徒明詞</p><p>姚　敏曲</p><p>（一）多情的河上喲　月無情 </p><p>（二）多情的河上喲　月淒涼</p><p>（三）多情的河上喲　月西沉</p><p>（四）多情的河上喲　月光寒</p><p>小妹妹想郎喲　淚零零</p><p>小妹妹想郎喲　淚兩行</p><p>小妹妹想郎喲　淚紛紛</p><p>小妹妹想郎喲　淚難乾</p><p>情郎一去無踪影　說什麽情歌唱不停喲</p><p>可憐夜夜河邊唱　唱盡那情歌不見郎喲</p><p>可憐夜夜河邊等　聽不見情歌唱一聲喲</p><p>可憐夜夜河邊站　滿肚子相思唱不完喲</p><p>說什麽情歌唱不停喲　唱不停</p><p>唱盡那情歌不見郎喲　不見郎</p><p>聽不見情郎唱一聲喲　唱一聲</p><p>滿肚子相思唱不完喲　唱不完</p>"
"FMP-120507","Article","Y","2922","多情河歌集",NULL,NULL,"1957-01-01",NULL,"1957","4",NULL,"歌唱姻緣",NULL,"9","李雋青---姚敏",NULL,"3","3","3","3",NULL,NULL,"4","https://library.hkbu.edu.hk/record/?ID=alma991026493720103409&T=PC","https://hkmdb.com/db/movies/view.mhtml?id=2383&display_set=big5","多情河---多情河歌集---歌唱姻緣---李雋青---姚敏","多情河---多情河歌集---歌唱姻緣---李雋青---姚敏","2922_004.jpg","頁3##2922_004.jpg","Kenny","<p id =""ocrHead"">歌唱姻緣</p><p>李隽青詞</p><p>姚　敏曲</p><p>（男）那一條船兒沒有舵呀　沒有舵唷</p><p>（女）那一隻鳥兒沒有窩呀　沒有窩唷</p><p>（合）那一個兒郎不唱歌呀　不唱歌唷</p><p>那一個姑娘不唱歌呀　不唱歌唷</p><p>那一個兒郎不唱歌呀　不唱歌唷</p><p>那一個姑娘不會和呀　不會和唷</p><p>船兒搖到河東岸唷　歌兒唱過多情</p><p>鳥兒去到河東岸唷　歌兒唱進人心</p><p>你來和呀我來唱唷　山歌唱出情意</p><p>河唷　嗨嗨唷嗨嗨唷</p><p>窩唷　嗨嗨唷嗨嗨唷</p><p>多唷　嗨嗨唷嗨嗨唷</p><p>你不會唱歌　那裡去嫁情哥　你不會唱歌</p><p>你不會唱歌　那裡去娶老婆　你不會唱歌</p><p>你不會唱歌　一輩子不快活　你不會唱歌</p><p>那裡去嫁情哥</p><p>那裡去娶老婆</p><p>一輩子不快活</p>"
"FMP-120508","Article","Y","2922","多情河歌集",NULL,NULL,"1957-01-01",NULL,"1957","4",NULL,"種田歌",NULL,"9","李雋青---姚敏",NULL,"4","4","4","4",NULL,NULL,"5","https://library.hkbu.edu.hk/record/?ID=alma991026493720103409&T=PC","https://hkmdb.com/db/movies/view.mhtml?id=2383&display_set=big5","多情河---多情河歌集---種田歌---李雋青---姚敏","多情河---多情河歌集---種田歌---李雋青---姚敏","2922_005.jpg","頁4##2922_005.jpg","Kenny","<p id =""ocrHead"">種田歌</p><p>李隽青詞</p><p>姚　敏曲</p><p>（一）快快的起了床唷…… （女合）啦…………啦…………</p><p>（二）春天裡出點力唷……　啦…………啦…………</p><p>（五）滿臉的油光光唷……　啦…………啦…………</p><p>（六）大家都出點力唷……　啦…………啦…………</p><p>匆匆的出了門唷…… （女合）啦…………啦…………</p><p>秋天裡有收成唷……　啦…………啦…………</p><p>一頭的汗淋淋唷……　啦…………啦…………</p><p>大家都有收成唷……　啦…………啦…………</p><p>男女呀老少搶先定唷　牽牛呀帶飯　亂紛</p><p>大家耕呀大家種唷</p><p>不怕勞呀不怕苦唷　有談呀有笑　手不</p><p>年年耕呀年年種唷</p><p>紛唷　勤勤呀懇懇趕早晨唷</p><p>停唷　安安呀樂樂过一</p><p>（女獨）（三）趁着那猛太陽唷　迎着那好春風唷　一邊唱呀一邊種呀</p><p>　　　　（四）你也來唱幾句唷　我也來和幾聲唷　一邊唱呀一邊和呀</p><p>種田的都是一家人唷　唱歌的都是一家</p><p>人唷　生唷　安安樂樂過一生唷</p>"
"FMP-120509","Article","Y","2922","多情河歌集",NULL,NULL,"1957-01-01",NULL,"1957","4",NULL,"摸泥鰍",NULL,"9","李雋青---姚敏",NULL,"5","5","5","5",NULL,NULL,"6","https://library.hkbu.edu.hk/record/?ID=alma991026493720103409&T=PC","https://hkmdb.com/db/movies/view.mhtml?id=2383&display_set=big5","多情河---多情河歌集---摸泥鰍---李雋青---姚敏","多情河---多情河歌集---摸泥鰍---李雋青---姚敏","2922_006.jpg","頁5##2922_006.jpg","Kenny","<p id =""ocrHead"">摸泥鰍</p><p>李隽青詞</p><p>姚　敏曲</p><p>（一）不用那捕魚網唷　不要那釣魚鈎唷</p><p>（二）看你望那裡跑唷　看你望那裡溜唷</p><p>（四）不用那捕魚網唷　不要那釣魚鈎唷</p><p>空空的一双手　偷偷的摸泥鰍</p><p>抓不住你的尾</p><p>空空的一双手</p><p>抓得住你的頭（三）小的丟呀大的留</p><p>一條一條裝滿簍　帶給爹爹送燒酒</p><p>免他吃得口水流　偷偷的摸泥鰍</p>"
"FMP-120510","Article","Y","2922","多情河歌集",NULL,NULL,"1957-01-01",NULL,"1957","4",NULL,"辦嫁粧",NULL,"9","李雋青---姚敏",NULL,"6","6","6","6",NULL,NULL,"7","https://library.hkbu.edu.hk/record/?ID=alma991026493720103409&T=PC","https://hkmdb.com/db/movies/view.mhtml?id=2383&display_set=big5","多情河---多情河歌集---辦嫁粧---李雋青---姚敏","多情河---多情河歌集---辦嫁粧---李雋青---姚敏","2922_007.jpg","頁6##2922_007.jpg","Kenny","<p id =""ocrHead"">辦嫁粧</p><p>李隽青詞</p><p>姚　敏曲</p><p>興匆匆　喜洋洋</p><p>紅漆盆　描金箱</p><p>橫商量　豎商量</p><p>爺兒倆進城辦嫁粧唷</p><p>色金戒指亮堂堂唷</p><p>東西樣樣要精良唷</p><p>噯噯唷呀　噯呀噯噯唷　一路走來</p><p>噯噯唷呀　噯呀噯噯唷　找布衣料</p><p>噯噯唷呀　噯呀噯噯唷　將來抬過</p><p>一路想唷　噯噯唷呀　噯呀噯噯唷 </p><p>時新樣唷　噯噯唷呀　噯呀噯噯唷 </p><p>大街上唷　噯噯唷呀　噯呀噯噯唷 </p><p>想到了一件又一樁唷　花露水呀</p><p>洋緞的被面兩邊光唷　</p><p>好裝璜　胭脂花粉噴噴香唷</p><p>梳妝匣呀要漂亮　玻璃鏡子嵌中</p><p>央唷　高家的女兒夠排塲唷</p>"
"FMP-120511","Article","Y","2922","多情河歌集",NULL,NULL,"1957-01-01",NULL,"1957","4",NULL,"假意真情",NULL,"9","李雋青---姚敏",NULL,"7","7","7","7",NULL,NULL,"8","https://library.hkbu.edu.hk/record/?ID=alma991026493720103409&T=PC","https://hkmdb.com/db/movies/view.mhtml?id=2383&display_set=big5","多情河---多情河歌集---假意真情---李雋青---姚敏","多情河---多情河歌集---假意真情---李雋青---姚敏","2922_008.jpg","頁7##2922_008.jpg","Kenny","<p id =""ocrHead"">假意真情</p><p>李隽青詞</p><p>姚　敏曲</p><p>（女）發什麽昏呀做什麽夢　把人的假意當真情</p><p>千思萬想自己蠢　不該愛上了唱歌人</p><p>（男）犯不着悲呀　用不着恨　唱歌的不是負心人</p><p>（男）嘴這麽凶呀　心這麽硬　姑娘你叫我口難分</p><p>千錯萬錯我都認　今天特為來表真</p><p>千言萬語我說盡</p><p>誠　（女）你冒了人家名呀 </p><p>　　（男）我為了要謀生呀</p><p>騙了我的心　要是你這樣　莫真情</p><p>眛了我的心　（女）難道你生活靠欺人</p><p>真情沒人信　專門做替身　還來獻什麽</p><p>假殷勤　還來獻什麽假殷勤</p>"
"FMP-120512","Article","Y","2922","多情河歌集",NULL,NULL,"1957-01-01",NULL,"1957","4",NULL,"等情郎",NULL,"9","李雋青---姚敏",NULL,"8","8","8","8",NULL,NULL,"9","https://library.hkbu.edu.hk/record/?ID=alma991026493720103409&T=PC","https://hkmdb.com/db/movies/view.mhtml?id=2383&display_set=big5","多情河---多情河歌集---等情郎---李雋青---姚敏","多情河---多情河歌集---等情郎---李雋青---姚敏","2922_009.jpg","頁8##2922_009.jpg","Kenny","<p id =""ocrHead"">等情郎</p><p>李隽青詞</p><p>姚　敏曲</p><p>小妹妹呀心裡慌　殺雞斬肉等情</p><p>小妹妹呀心裡慌　煎魚煮蛋等情</p><p>小妹妹呀心裡慌　東張西望等情</p><p>郎哎哎喲　雞兒要煨得爛喲</p><p>郎哎哎喲　魚兒要配成對喲</p><p>郎哎哎喲　菜兒也快要涼喲</p><p>肉兒要燜得香哎喲</p><p>唇兒要湊成雙哎喲</p><p>飯兒也快要黃哎喲</p><p>添點兒鹽　加點兒薑　小妹妹心慌手也慌　想要薑呀</p><p>拿錯了蒜　想要鹽呀　拿錯了糖</p>"
"FMP-120513","Article","Y","2922","多情河歌集",NULL,NULL,"1957-01-01",NULL,"1957","4",NULL,"小妹妹的心",NULL,"9","李雋青---王福齡",NULL,"9","9","9","9",NULL,NULL,"10","https://library.hkbu.edu.hk/record/?ID=alma991026493720103409&T=PC","https://hkmdb.com/db/movies/view.mhtml?id=2383&display_set=big5","多情河---多情河歌集---小妹妹的心---李雋青---王福齡","多情河---多情河歌集---小妹妹的心---李雋青---王福齡","2922_010.jpg","頁9##2922_010.jpg","Kenny","<p id =""ocrHead"">小妹妹的心</p><p>李隽青詞</p><p>王福齡曲</p><p>大年呀初一是新年</p><p>正月呀十五是元宵</p><p>五月呀初五是端陽</p><p>八月呀十五是中秋</p><p>小妹妹心中有點兒酸</p><p>小妹妹心中有點兒焦</p><p>小妹妹心中有點兒慌</p><p>小妹妹心中有點兒愁</p><p>情郎一去沒音信</p><p>年年同把花燈看</p><p>整天站在河邊望</p><p>抬頭怕看團圓月</p><p>做好的新衫不想穿唷噯　喲噯喲做好的新衫不想</p><p>獨自兒看燈第一遭唷噯　喲噯喲獨自兒看燈第一</p><p>只見那龍船不見郎唷噯　喲噯喲只見那龍船不見</p><p>想到那情郎淚暗流唷噯　喲噯喲想到那情郎</p><p>穿　　淚暗流</p><p>遭</p><p>郎</p>"
"FMP-120514","Article","Y","2922","多情河歌集",NULL,NULL,"1957-01-01",NULL,"1957","4",NULL,"表錯情",NULL,"9","李雋青---王福齡",NULL,"10","10","10","10",NULL,NULL,"11","https://library.hkbu.edu.hk/record/?ID=alma991026493720103409&T=PC","https://hkmdb.com/db/movies/view.mhtml?id=2383&display_set=big5","多情河---多情河歌集---表錯情---李雋青---王福齡","多情河---多情河歌集---表錯情---李雋青---王福齡","2922_011.jpg","頁10##2922_011.jpg","Kenny","<p id =""ocrHead"">表錯情</p><p>李隽青詞</p><p>王福齡曲</p><p>（女）別灰心呀你別難過　說來說去是哥哥錯</p><p>（男）不灰心呀我不難過　說來說去我自己錯</p><p>（女）心太狠呀你情太薄　有了金花就忘了我</p><p>那一樣不能呌人做　偏偏要呌人騙老婆</p><p>那一家長工不能做　偏偏在此地受折磨</p><p>哥哥他沒有疑心錯　實在你搶了他老婆 </p><p>（女）你自己問問心　我待你沒有錯</p><p>（男）誰跟你有過情　你不要隨口說</p><p>难道你不念舊時情　就忍心丟下我</p><p>釘你的小伙子那麽多</p><p>我求你饒饒我　他老婆　你搶了他老婆</p>"
"FMP-120515","Article","Y","2922","多情河歌集",NULL,NULL,"1957-01-01",NULL,"1957","4",NULL,"多情河本事",NULL,"21",NULL,NULL,"11","11","11","11",NULL,NULL,"12","https://library.hkbu.edu.hk/record/?ID=alma991026493720103409&T=PC","https://hkmdb.com/db/movies/view.mhtml?id=2383&display_set=big5","多情河---多情河歌集---東村---西村---金花---阿淸---福寳---翠寳---二傻子---趙大媽---阿淸---高老頭","多情河---多情河歌集---東村---西村---金花---阿淸---福寳---翠寳---二傻子---趙大媽---阿淸---高老頭","2922_012.jpg","頁11##2922_012.jpg","Kenny","<p id =""ocrHead"">多情河</p><p>本事</p><p>　　多情河把東村與西村隔開，東村有個大姑娘叫金花，她喜愛唱歌。她選擇的對象也以能唱歌爲標準。</p><p>　　一天，金花在河邊唱歌，引起對岸的阿淸，福寳，翠寳，及二傻仔的注意，福寶是趙大媽的兒子，翠寳是趙大媽的女兒，阿淸和二傻子是趙大媽的女兒，阿淸和二傻子是趙大媽的長工，福寳貌奇醜不會唱歌，他却打定主意要娶金花爲妻，同樣翠寳也單戀着阿清，因爲阿淸會唱歌，人也長得很英俊。</p><p>　　趙大媽着媒向金花的爹—— 高老頭說親，，並着阿淸冒福寳向對岸唱歌，悅耳的歌聲傳進了金花的耳朵，她喜極了，她認爲愛情之神降臨了，連忙趕到河邊和冒牌的福寳對唱起來。</p><p>　　陣陣的歌聲融匯了雙方的情感，這頭親事是說成了，也下了聘金，可是高老頭堅要看看這位未來女婿到底是怎様的一個人，這問題把媒婆難倒了，終於西洋鏡也折穿了，福寶眼看親事不成劫無理取鬧地把阿清大駡起來，阿淸受不了寃屈，便决計出城去另謀生計。</p><p>　　阿淸臨走的那晚，他心裏忽然想起了金花的倩影，他便硬着頭皮走去向她辭行其實金花心裏也愛阿淸的，大家臨別依依，淚眼相看，這一切高老頭都看在眼裏，他叫阿淸不要到城裏去，而留在這裏，因為他正需要一個人助手，阿淸與金花聞言皆喜不自勝，有情人遂成美眷。</p>"
"FMP-120516","Article","Y","2922","多情河歌集",NULL,NULL,"1957-01-01",NULL,"1957","4",NULL,NULL,NULL,"6",NULL,NULL,"12","13","12","13",NULL,NULL,"13","https://library.hkbu.edu.hk/record/?ID=alma991026493720103409&T=PC","https://hkmdb.com/db/movies/view.mhtml?id=2383&display_set=big5","多情河---多情河歌集---劉亮華---陳濠---羅維---吳家驤---蔣光超---馬笑儂---張萊萊---張翠英---金花---阿淸---福寳---翠寳---二傻子---趙大媽---阿淸---高老頭---劉大姑","多情河---多情河歌集---劉亮華---陳濠---羅維---吳家驤---蔣光超---馬笑儂---張萊萊---張翠英---金花---阿淸---福寳---翠寳---二傻子---趙大媽---阿淸---高老頭---劉大姑","2922_013.jpg---2922_014.jpg","頁12##2922_013.jpg---頁13##2922_014.jpg","Kenny","<p id =""ocrHead"">人物介紹</p><p>劉亮華飾金　花</p><p>　　金花是個能唱歌的姑娘她的歌在全村中是唱得最好的一個，她選擇對象也以會唱歌爲準繩。金花天眞未鑿，活潑可愛，與高老頭相依爲命，母親早以去世，平日在家照料家務，充其量是飼豬、養鷄、燒飯之類的事，父親很寵愛她。當愛情之神降臨到她身旁，她的心搖動了，她爲阿淸的歌和他的儀容所陶醉，誰知眞正要娶她的竟是個又醜又矮的福寳呢。她傷心得幾乎要發狂，她在幾經掙扎之後，終於獲得良緣。</p><p>陳　濠飾高老頭</p><p>　　他年屆五十，力氣却不小，能耐勞苦。膝下無兒，僅得一女—金花，他不像别的頭腦頑固的父親那樣，代庖女兒婿事。他很尊重女兒的意見，但是當他聽說女兒要選個能歌的丈夫時，卻不禁詫異起來，在莊稼人看來，能做事是最主要條件，唱歌有什麽用呢！</p><p>高老頭仁慈、忠厚，十足的中國農民典形人物，對家庭事務有條不紊，是兼具母愛的爲父親</p><p>羅　維飾阿　清</p><p>　　阿淸在趙大媽家做長工，長得英俊又會歌唱，誰家女子不鍾情呢？大媽的女兒翠寳對他有愛戀高老頭的女兒金花也傾倒於他　不幸的是他被趙家利用，權充冒牌少爺結果西洋鏡拆穿了，福寳旣然駡他，金花也不諒解，他受了寃屈，因而辭工，反抗這種愚人的行爲和譴責，可是這時阿淸心裡已有金花的倩影。他硬着頭皮向金花道別，金花也忍不住流淚，到最後，阿淸終於和金花成了眷屬，高老頭並收留他在家做事以來收成。</p><p>吳家驤飾福寳</p><p>　　褔寳可以說是個不自量的人，自已長的醜八怪，卻想討個美貌的老婆。他以爲叫阿清替他唱歌，又替他去見高老頭，便能欺瞞金花，等到生米煮成熟飯以後，金花會死心塌地的跟他過一輩子，誰知這個如意算盤打錯了，金花還是投到阿淸的懷抱裡去。</p><p>蔣光超飾二傻子</p><p>　　二傻子並不傻，因爲他還能替福寳做軍帥。是趙大媽的長工之一。他有點覬覦翠寳，但翠寳怎會喜歡他呢？談到做事，正經事，吃力的事他却不能勝任，專會做那些不三不四的拉皮條之類的事，壞主意倒是出了不少。</p><p>馬笑儂飾趙大媽</p><p>　　不明事理的主婦。他有一兒一女，爲了兒子的婚事，不惜傷天害理，用欺騙的手法，想把美媳討囘來，誰知美夢不能實現，趙大媽感到面子不好看，又欲挽囘，結果還是落個人財兩空！弄得他家的阿淸向他辭工，使這老婦人毫無對策！在編劇人的筆下，趙大媽一無是處。</p><p>張萊萊飾翠　寶</p><p>　　糊里糊塗的女孩子，家裡環境好，不知艱難困苦，整天祗知尋樂，談愛情。其實他也不懂什麽愛情，心裡一味喜歡的東西，像阿淸，人旣漂亮，又會唱歌，自然是他心愛之物，他便利用小主人的身份、攫取他，結果他失敗了。</p><p>張翠英飾劉大姑</p><p>　　一輩子做媒人一輩子也發達不了。</p><p>　　劉大姑做媒以來，沒有做過一次媒像福寳那樣，要別人頂替出面看親，可是趙大媽說事情成了重重報謝，將來東窗事發大姑不必担負責任。果然說動了她的心，前去和高老頭談金花婚事。</p><p>　　「奴家好比牆頭一顆草，風吹東來向東倒，風吹西來向西倒。」劉大姑正是這一類沒有主意的人。</p>"
"FMP-120517","Article","Y","2922","多情河歌集",NULL,NULL,"1957-01-01",NULL,"1957","4",NULL,"你想什麽",NULL,"9","李雋青---王福齡",NULL,"14","14","14","14",NULL,NULL,"15","https://library.hkbu.edu.hk/record/?ID=alma991026493720103409&T=PC","https://hkmdb.com/db/movies/view.mhtml?id=2383&display_set=big5","多情河---多情河歌集---你想什麽---李雋青---王福齡","多情河---多情河歌集---你想什麽---李雋青---王福齡","2922_015.jpg","頁14##2922_015.jpg","Kenny","<p>你想什麼</p><p>李隽青詞</p><p>王福齡曲</p><p>我又不是虎　我又不是蛇</p><p>我的阿清哥　老實給你說</p><p>怎麽見了我你就躲呀　到底為什麽</p><p>多少小伙子釘住我呀</p><p>我還嫌囉唆　我的阿清哥</p><p>老實對我說　閉着眼兒你想什麽</p><p>可是想老婆　要是想老婆　機會別錯</p><p>過　回過頭來你看看我呀　我的阿清哥</p>"
"FMP-120518","Article","Y","2922","多情河歌集",NULL,NULL,"1957-01-01",NULL,"1957","4",NULL,"新片預告 國語歌唱片",NULL,"14",NULL,NULL,"15","15","999","999",NULL,NULL,"16","https://library.hkbu.edu.hk/record/?ID=alma991026493720103409&T=PC","https://hkmdb.com/db/movies/view.mhtml?id=2383&display_set=big5","多情河---多情河歌集---美人魚---鍾情---柳上鶯---林翠---金縷衣---葛蘭---馬車夫之戀---丁螢---長巷---陳燕燕---馬路小天使","多情河---多情河歌集---美人魚---鍾情---柳上鶯---林翠---金縷衣---葛蘭---馬車夫之戀---丁螢---長巷---陳燕燕---馬路小天使","2922_016.jpg","封底##2922_016.jpg","Kenny",
"TVW-523311","Article","Y","25","香港電視","TV Week","香港電視出版有限公司","1968-05-01",NULL,"1968","1","25",NULL,NULL,"1",NULL,NULL,"35","35","35","35",NULL,NULL,"35",NULL,NULL,"永安公司","永安公司","25_035.jpg","頁35##25_035.jpg","Isaac",NULL
"TVW-523302","Article","Y","25","香港電視","TV Week","香港電視出版有限公司","1968-05-01",NULL,"1968","1","25","兩個節目應該延長時間","有讚有彈　有彈有讚","5",NULL,NULL,"29","29","29","29",NULL,NULL,"29",NULL,NULL,"歡樂今宵---花王俱樂部---蓓蕾---劉鳳屏---潘迪華---奚秀蘭---沈殿霞---鍾玲玲---森森---鄭君綿---廣東歌樂","歡樂今宵---花王俱樂部---蓓蕾---劉鳳屏---潘迪華---奚秀蘭---沈殿霞---鍾玲玲---森森---鄭君綿---廣東歌樂","25_029.jpg","頁29##25_029.jpg","Isaac",NULL
"TVW-523303","Article","Y","25","香港電視","TV Week","香港電視出版有限公司","1968-05-01",NULL,"1968","1","25","擬請贈送電視藝員照片","有讚有彈　有彈有讚","5",NULL,NULL,"29","30","29","30",NULL,NULL,"29",NULL,NULL,"摔角比賽---體育節目","摔角比賽---體育節目","25_029.jpg;25_030.jpg","頁29##25_029.jpg---頁30##25_030.jpg","Isaac",NULL
"TVW-523304","Article","Y","25","香港電視","TV Week","香港電視出版有限公司","1968-05-01",NULL,"1968","1","25","要求重映「摔角比賽」節目","有讚有彈　有彈有讚","5",NULL,NULL,"30","30","30","30",NULL,NULL,"30",NULL,NULL,"摔角比賽","摔角比賽","25_030.jpg","頁30##25_030.jpg","Isaac",NULL
"TVW-523305","Article","Y","25","香港電視","TV Week","香港電視出版有限公司","1968-05-01",NULL,"1968","1","25","「歡樂今宵」司儀不夠理想","有讚有彈　有彈有讚","5",NULL,NULL,"30","30","30","30",NULL,NULL,"30",NULL,NULL,"歡樂今宵---星報青年節目","歡樂今宵---星報青年節目","25_030.jpg","頁30##25_030.jpg","Isaac",NULL
"TVW-523306","Article","Y","25","香港電視","TV Week","香港電視出版有限公司","1968-05-01",NULL,"1968","1","25","什麼是公共關係？","連卡佛小姐","7",NULL,NULL,"30","30","30","30",NULL,NULL,"30",NULL,NULL,"連卡佛---星報青年節目---蓮花樂隊","連卡佛---星報青年節目---蓮花樂隊","25_030.jpg","頁30##25_030.jpg","Isaac",NULL
"TVW-523307","Article","Y","25","香港電視","TV Week","香港電視出版有限公司","1968-05-01",NULL,"1968","1","25",NULL,NULL,"1",NULL,NULL,"31","31","31","31",NULL,NULL,"31",NULL,NULL,"玉泉","玉泉","25_031.jpg","頁31##25_031.jpg","Isaac",NULL
"TVW-523308","Article","Y","25","香港電視","TV Week","香港電視出版有限公司","1968-05-01",NULL,"1968","1","25","那怕傾盆雨．家中看會景",NULL,"5",NULL,NULL,"32","33","32","33",NULL,NULL,"32",NULL,NULL,NULL,NULL,"25_032.jpg;25_033.jpg","頁32##25_032.jpg---頁33##25_033.jpg","Isaac",NULL
"TVW-523309","Article","Y","25","香港電視","TV Week","香港電視出版有限公司","1968-05-01",NULL,"1968","1","25",NULL,NULL,"1",NULL,NULL,"34","34","34","34",NULL,NULL,"34",NULL,NULL,"美斯牌","美斯牌","25_034.jpg","頁34##25_034.jpg","Isaac",NULL
"TVW-523310","Article","Y","25","香港電視","TV Week","香港電視出版有限公司","1968-05-01",NULL,"1968","1","25",NULL,NULL,"11",NULL,NULL,"35","54","35","54",NULL,NULL,"35",NULL,NULL,NULL,NULL,"25_035.jpg;25_036.jpg;25_037.jpg;25_038.jpg;25_039.jpg;25_040.jpg;25_041.jpg;25_042.jpg;25_043.jpg;25_044.jpg;25_045.jpg;25_046.jpg;25_047.jpg;25_048.jpg;25_049.jpg;25_050.jpg;25_051.jpg;25_052.jpg;25_053.jpg;25_054.jpg","頁35##25_035.jpg---頁36##25_036.jpg---頁37##25_037.jpg---頁38##25_038.jpg---頁39##25_039.jpg---頁40##25_040.jpg---頁41##25_041.jpg---頁42##25_042.jpg---頁43##25_043.jpg---頁44##25_044.jpg---頁45##25_045.jpg---頁46##25_046.jpg---頁47##25_047.jpg---頁48##25_048.jpg---頁49##25_049.jpg---頁50##25_050.jpg---頁51##25_051.jpg---頁52##25_052.jpg---頁53##25_053.jpg---頁54##25_054.jpg","Isaac",NULL
"TVW-523301","Article","Y","25","香港電視","TV Week","香港電視出版有限公司","1968-05-01",NULL,"1968","1","25",NULL,NULL,"1",NULL,NULL,"28","28","28","28",NULL,NULL,"28",NULL,NULL,"香港電視---健牌---晨操心得競猜遊戲---晨操","香港電視---健牌---晨操心得競猜遊戲---晨操","25_028.jpg","頁28##25_028.jpg","Isaac",NULL
"TVW-523312","Article","Y","25","香港電視","TV Week","香港電視出版有限公司","1968-05-01",NULL,"1968","1","25",NULL,NULL,"1",NULL,NULL,"36","52","36","52",NULL,NULL,"36",NULL,NULL,"占美洋行---利時牌","占美洋行---利時牌","25_036.jpg;25_037.jpg;25_038.jpg;25_039.jpg;25_040.jpg;25_041.jpg;25_042.jpg;25_043.jpg;25_044.jpg;25_045.jpg;25_046.jpg;25_047.jpg;25_048.jpg;25_049.jpg;25_050.jpg;25_051.jpg;25_052.jpg","頁36##25_036.jpg---頁37##25_037.jpg---頁38##25_038.jpg---頁39##25_039.jpg---頁40##25_040.jpg---頁41##25_041.jpg---頁42##25_042.jpg---頁43##25_043.jpg---頁44##25_044.jpg---頁45##25_045.jpg---頁46##25_046.jpg---頁47##25_047.jpg---頁48##25_048.jpg---頁49##25_049.jpg---頁50##25_050.jpg---頁51##25_051.jpg---頁52##25_052.jpg","Isaac",NULL
"TVW-523313","Article","Y","25","香港電視","TV Week","香港電視出版有限公司","1968-05-01",NULL,"1968","1","25",NULL,"72行內外信箱","7","鄭志聰",NULL,"55","55","55","55",NULL,NULL,"55",NULL,NULL,"七十二行內外","七十二行內外","25_055.jpg","頁55##25_055.jpg","Isaac",NULL
"TVW-523314","Article","Y","25","香港電視","TV Week","香港電視出版有限公司","1968-05-01",NULL,"1968","1","25","德伏夏克　大提琴協奏曲",NULL,"15","若豪",NULL,"56","56","56","56",NULL,NULL,"56",NULL,NULL,"郎寶---Rampal","郎寶---Rampal","25_056.jpg","頁56##25_056.jpg","Isaac",NULL
"TVW-523315","Article","Y","25","香港電視","TV Week","香港電視出版有限公司","1968-05-01",NULL,"1968","1","25","四季合唱團曲選第二集出版",NULL,"15","偉文",NULL,"56","57","56","57",NULL,NULL,"56",NULL,NULL,"四季合唱團---法蘭基偉利合唱團---巴勃克勞---皮禮士利---鐵血柔情---夏爾斯---福至心靈---Love Me Tender---Easy Come, Easy Go","四季合唱團---法蘭基偉利合唱團---巴勃克勞---皮禮士利---鐵血柔情---夏爾斯---福至心靈---Love Me Tender---Easy Come, Easy Go","25_056.jpg;25_057.jpg","頁56##25_056.jpg---頁57##25_057.jpg","Isaac",NULL
"TVW-523316","Article","Y","25","香港電視","TV Week","香港電視出版有限公司","1968-05-01",NULL,"1968","1","25",NULL,"電視常識信箱","7","羅仲炳---孫國華",NULL,"58","58","58","58",NULL,NULL,"58",NULL,NULL,"電視常識信箱","電視常識信箱","25_058.jpg","頁58##25_058.jpg","Isaac",NULL
"TVW-523317","Article","Y","25","香港電視","TV Week","香港電視出版有限公司","1968-05-01",NULL,"1968","1","25","童話與夢",NULL,"7","依達",NULL,"59","62","59","62",NULL,NULL,"59",NULL,NULL,"童話與夢","童話與夢","25_059.jpg;25_060.jpg;25_061.jpg;25_062.jpg","頁59##25_059.jpg---頁60##25_060.jpg---頁61##25_061.jpg---頁62##25_062.jpg","Isaac",NULL
"TVW-523318","Article","Y","25","香港電視","TV Week","香港電視出版有限公司","1968-05-01",NULL,"1968","1","25","梅施麗的舞姿",NULL,"6",NULL,NULL,"63","63","63","63",NULL,NULL,"63",NULL,NULL,"梅施麗","梅施麗","25_063.jpg","頁63##25_063.jpg","Isaac",NULL
"TVW-523319","Article","Y","25","香港電視","TV Week","香港電視出版有限公司","1968-05-01",NULL,"1968","1","25",NULL,NULL,"1",NULL,NULL,"64","64","999","999",NULL,NULL,"64",NULL,NULL,"芝柏表","芝柏表","25_064.jpg","封底##25_064.jpg","Isaac",NULL
"TVW-523292","Article","Y","25","香港電視","TV Week","香港電視出版有限公司","1968-05-01",NULL,"1968","1","25","控制音響專家——陳朝樑",NULL,"6",NULL,NULL,"10","11","10","11",NULL,NULL,"10",NULL,NULL,"陳朝樑---歡樂今宵","陳朝樑---歡樂今宵","25_010.jpg;25_011.jpg","頁10##25_010.jpg---頁11##25_011.jpg","Isaac",NULL
"TVW-523283","Article","Y","25","香港電視","TV Week","香港電視出版有限公司","1968-05-01",NULL,"1968","1","25",NULL,NULL,"1",NULL,NULL,"2","2","2","2",NULL,NULL,"2",NULL,NULL,"樂意牌","樂意牌","25_002.jpg","頁2##25_002.jpg","Isaac",NULL
"TVW-523284","Article","Y","25","香港電視","TV Week","香港電視出版有限公司","1968-05-01",NULL,"1968","1","25",NULL,NULL,"3",NULL,NULL,"3","3","3","3",NULL,NULL,"3",NULL,NULL,NULL,NULL,"25_003.jpg","頁3##25_003.jpg","Isaac",NULL
"TVW-523285","Article","Y","25","香港電視","TV Week","香港電視出版有限公司","1968-05-01",NULL,"1968","1","25",NULL,NULL,"1",NULL,NULL,"3","3","3","3",NULL,NULL,"3",NULL,NULL,"聲寶牌","聲寶牌","25_003.jpg","頁3##25_003.jpg","Isaac",NULL
"TVW-523286","Article","Y","25","香港電視","TV Week","香港電視出版有限公司","1968-05-01",NULL,"1968","1","25","梁淑怡朝氣勃勃",NULL,"6","漁翁",NULL,"4","5","4","5",NULL,NULL,"4",NULL,NULL,"梁普智---梁淑怡---星報青年節目---蓮花樂隊---七十二行內外","梁普智---梁淑怡---星報青年節目---蓮花樂隊---七十二行內外","25_004.jpg;25_005.jpg","頁4##25_004.jpg---頁5##25_005.jpg","Isaac","<p>梁淑怡朝氣勃勃</p><p>這一位美麗的「天氣女郎」，受過高深教育，每天除向市民報導天氣概況外，並助理「星報青年節目」，對工作充滿熱誠和信心。</p><p>梁淑怡生長在一個很好的家庭，受過高深的敎育。在香港大學畢業後，她曾遠赴英倫，進入著名 的Rose Bruford College Of Speech And Drama深造演講及戲劇，期望學成之後能夠在這方面發展。</p><p>無線電視的開播，港九市民增添了一項新的享受，也使梁淑怡有一個很好的機會達成她的志願；發展她的抱負。</p><p>她是香港電視廣播公司的第一位「天氣女郞」，每天晚上都在螢光幕上用那甜蜜的聲音，報導天氣狀况。</p><p>同時她也是無線電視「星報靑年節目」的助理編導，襄助梁普智，主持這一個朝氣勃勃的節目。</p><p>梁淑怡充滿着熱誠和信心，深深喜愛這兩件適合自己興趣的工作。</p><p>在無線電視攝影塲，常見她站在年靑小伙子羣中，把各項節目的要點簡括地向參加表演的靑年闡釋，更不厭求詳地指導他們如何用最好的對白把心中的情感表達出來，如何錄音、如何走位……她的獨特的見地，使每一位受她指導的人都深爲佩服；在旁參觀的人，對她那充沛的精力和恆心，都另眼相看。</p><p>「星報靑年節目」是爲靑年人而設，由靑年人編導，由靑年人表演，除了注重娛樂成份之外，亦毫不忽畧其教育性，更特別着重靑年人的創造能力和獨特的表現。梁淑怡協助梁普智先生設計整個節目，更物色了不少傑出人材，例如「蓮花樂隊」就是一例，他們多才多藝，五個人都有其獨特的性格，但合作起來却很成功。</p><p>梁淑怡認爲社會是在不停地進步着的，靑年人應該不斷學習求取進步。「星報靑年節目」旣爲靑年人而設，所以應該適應環境，誘導靑年，啓發他們的智慧，發揮他們的天才，俾其身心愉快，正常 發展。</p><p>她表示「『星報靑年節目』大致上已做得不錯，雖然仍有許多未如理想的地方，但一切都在改進 中，新的項目如『七十二行內外』、『靑年意見』、『電話定天才』、『問答遊戲』等等，相繼推出。使這個節目在娛樂性和教育性這兩方面，都滿足了靑年朋友們的祈望。」</p>"
"TVW-523287","Article","Y","25","香港電視","TV Week","香港電視出版有限公司","1968-05-01",NULL,"1968","1","25",NULL,"節目簡報","5",NULL,NULL,"6","8","6","8",NULL,NULL,"6",NULL,NULL,"杜弘毅---劉占士---上官筠慧---陳寶珠---何柏青---張瑞海---星報青年節目---七十二行內外---青年意見---太平山下---容玉意---洪劍---黃柯柯---滕康寧---丁羽---梅欣---重遊布達佩斯---英語教座---華特---康妮---Back To Budapest---English By Television---Walter---Connie","杜弘毅---劉占士---上官筠慧---陳寶珠---何柏青---張瑞海---星報青年節目---七十二行內外---青年意見---太平山下---容玉意---洪劍---黃柯柯---滕康寧---丁羽---梅欣---重遊布達佩斯---英語教座---華特---康妮---Back To Budapest---English By Television---Walter---Connie","25_006.jpg;25_007.jpg;25_008.jpg","頁6##25_006.jpg---頁7##25_007.jpg---頁8##25_008.jpg","Isaac",NULL
"TVW-523288","Article","Y","25","香港電視","TV Week","香港電視出版有限公司","1968-05-01",NULL,"1968","1","25","「時裝比賽」正確答案公佈",NULL,"1",NULL,NULL,"9","9","9","9",NULL,NULL,"9",NULL,NULL,"香港電視---歡樂今宵---沈殿霞","香港電視---歡樂今宵---沈殿霞","25_009.jpg","頁9##25_009.jpg","Isaac",NULL
"TVW-523289","Article","Y","25","香港電視","TV Week","香港電視出版有限公司","1968-05-01",NULL,"1968","1","25","靈感來自「晨操心得」",NULL,"1",NULL,NULL,"9","9","9","9",NULL,NULL,"9",NULL,NULL,"香港電視---健牌---梁亞煌---董柏基---晨操心得","香港電視---健牌---梁亞煌---董柏基---晨操心得","25_009.jpg","頁9##25_009.jpg","Isaac",NULL
"TVW-523290","Article","Y","25","香港電視","TV Week","香港電視出版有限公司","1968-05-01",NULL,"1968","1","25","劉山尼舞藝超羣　榮獲藝員優異獎",NULL,"5",NULL,NULL,"9","9","9","9",NULL,NULL,"9",NULL,NULL,"劉山尼","劉山尼","25_009.jpg","頁9##25_009.jpg","Isaac",NULL
"TVW-523291","Article","Y","25","香港電視","TV Week","香港電視出版有限公司","1968-05-01",NULL,"1968","1","25",NULL,NULL,"10",NULL,NULL,"9","9","9","9",NULL,NULL,"9",NULL,NULL,"歡樂今宵","歡樂今宵","25_009.jpg","頁9##25_009.jpg","Isaac",NULL
"TVW-523282","Article","Y","25","香港電視","TV Week","香港電視出版有限公司","1968-05-01",NULL,"1968","1","25",NULL,NULL,"14",NULL,NULL,"1","1","888","888",NULL,NULL,"1",NULL,NULL,"梁淑怡","梁淑怡","25_001.jpg","封面##25_001.jpg","Isaac",NULL
"TVW-523293","Article","Y","25","香港電視","TV Week","香港電視出版有限公司","1968-05-01",NULL,"1968","1","25",NULL,NULL,"1",NULL,NULL,"12","12","12","12",NULL,NULL,"12",NULL,NULL,"羅馬表","羅馬表","25_012.jpg","頁12##25_012.jpg","Isaac",NULL
"TVW-523294","Article","Y","25","香港電視","TV Week","香港電視出版有限公司","1968-05-01",NULL,"1968","1","25","西治麥談「無敵鐡探長」拍攝經過",NULL,"5",NULL,NULL,"12","13","12","13",NULL,NULL,"12",NULL,NULL,"西治麥---維珍尼亞人---無敵鐵探長---馮健---法蘭仙---班尼沙---謝扶亨達---李馬榮---尊榮---舢舨---雷蒙布爾---唐加路威---唐米曹---Cy Chermak---The Virginian---Ironside---Jon Fong--- Francine Carroll---Bonanza---F. C. Carroll---Lee Marvin---John Wayne---Sampan---Raymond Burr---Don Galloway---Don Mitchell","西治麥---維珍尼亞人---無敵鐵探長---馮健---法蘭仙---班尼沙---謝扶亨達---李馬榮---尊榮---舢舨---雷蒙布爾---唐加路威---唐米曹---Cy Chermak---The Virginian---Ironside---Jon Fong--- Francine Carroll---Bonanza---F. C. Carroll---Lee Marvin---John Wayne---Sampan---Raymond Burr---Don Galloway---Don Mitchell","25_012.jpg;25_013.jpg","頁12##25_012.jpg---頁13##25_013.jpg","Isaac",NULL
"TVW-523295","Article","Y","25","香港電視","TV Week","香港電視出版有限公司","1968-05-01",NULL,"1968","1","25",NULL,"荷里活日記","5","John Austin",NULL,"14","15","14","15",NULL,NULL,"14",NULL,NULL,"威廉施納---歌莉亞---桃麗絲黛---史提夫麥昆---羅拔韋漢---巴巴拉艾丹---冷暖人間---多魯菲馬龍---媚亞費羅---蘇珊奧莉華---珍娜露蘭絲---祖茜芝遜---保羅蒙那殊---馬舒柏架---桃絲黛韋德---Tuesday Weld---安東尼柏堅斯---聰明特務---巴巴拉菲丹---羅拔摩斯---that's life---艾伯連尼斯---追殺驚魂---神槍手---迪林保---懷春少女---馬魯譚馬士---加州女郎---the california girl---亞當韋斯---蓮達姬莉絲杜---尤森馬斯---william shatner---gloria rand---doris day---steve mcqueen---robert vaughn---barbara eden---i dream of jeannie---peyton place---dorothy malone---mia farrow---susan oliver---gena rowlands---joyce jillson---paul monash---marshal backlar---anthony perkins---pretty poison---get smart---barbara feldon---robert morse---edd byrnes---pursue and kill---the guns of will sonnett---dack rambo---that girl---marlo thomas---adam west---linda cristal---daktari---yale summers","威廉施納---歌莉亞---桃麗絲黛---史提夫麥昆---羅拔韋漢---巴巴拉艾丹---冷暖人間---多魯菲馬龍---媚亞費羅---蘇珊奧莉華---珍娜露蘭絲---祖茜芝遜---保羅蒙那殊---馬舒柏架---桃絲黛韋德---Tuesday Weld---安東尼柏堅斯---聰明特務---巴巴拉菲丹---羅拔摩斯---that's life---艾伯連尼斯---追殺驚魂---神槍手---迪林保---懷春少女---馬魯譚馬士---加州女郎---the california girl---亞當韋斯---蓮達姬莉絲杜---尤森馬斯---william shatner---gloria rand---doris day---steve mcqueen---robert vaughn---barbara eden---i dream of jeannie---peyton place---dorothy malone---mia farrow---susan oliver---gena rowlands---joyce jillson---paul monash---marshal backlar---anthony perkins---pretty poison---get smart---barbara feldon---robert morse---edd byrnes---pursue and kill---the guns of will sonnett---dack rambo---that girl---marlo thomas---adam west---linda cristal---daktari---yale summers","25_014.jpg;25_015.jpg","頁14##25_014.jpg---頁15##25_015.jpg","Isaac",NULL
"TVW-523296","Article","Y","25","香港電視","TV Week","香港電視出版有限公司","1968-05-01",NULL,"1968","1","25",NULL,"西片介紹","5",NULL,NULL,"16","17","16","17",NULL,NULL,"16",NULL,NULL,"猛虎村---佐治孟甘穆利---姬絲唐---朱門怨---力士夏里遜---窈窕淑女---暹宮秘史---埃及妖后---黃色香車---杜醫生漫遊仙境---慕蓮奧哈拉---域陀麥格連---杜茜蜜甸娜---驚鳳攀龍---比提葛拉寶---莎莉娜芙---奧遜邊---譚美那南---羅拔甘明斯---剪貼女郎---百戰平西---佛烈麥梅利---肉搏沙場---羅富米加---馬莉亞英格烈殊---The Texas Rangers---George Montgomery---Star Dust---Young People---Jennie---Gale Storm---Between Midnight And Dawn---OH Susanna---The Underworld Story ---The Foxes Of Harrow---Rex Harrison---My Fair Lady---Anna And The King Of Siam---Cleopatra---The Yellow Rolls Royce---Dr. Dolittle---Maureen O'Hara---Victor Mclaglen---Patricia Medina---The Secret Heart---Secret Journey---Moss Rose---How to Be Very, Very Popular---Betty Grable---Sheree North---Orson Bean---Tommy Noonan---Robert Cummings---Pin Up Girl---Million Dollar Legs---The Oregon Trail---Fred MacMurray---Desert Sands---Ralph Meeker---Marla English","猛虎村---佐治孟甘穆利---姬絲唐---朱門怨---力士夏里遜---窈窕淑女---暹宮秘史---埃及妖后---黃色香車---杜醫生漫遊仙境---慕蓮奧哈拉---域陀麥格連---杜茜蜜甸娜---驚鳳攀龍---比提葛拉寶---莎莉娜芙---奧遜邊---譚美那南---羅拔甘明斯---剪貼女郎---百戰平西---佛烈麥梅利---肉搏沙場---羅富米加---馬莉亞英格烈殊---The Texas Rangers---George Montgomery---Star Dust---Young People---Jennie---Gale Storm---Between Midnight And Dawn---OH Susanna---The Underworld Story ---The Foxes Of Harrow---Rex Harrison---My Fair Lady---Anna And The King Of Siam---Cleopatra---The Yellow Rolls Royce---Dr. Dolittle---Maureen O'Hara---Victor Mclaglen---Patricia Medina---The Secret Heart---Secret Journey---Moss Rose---How to Be Very, Very Popular---Betty Grable---Sheree North---Orson Bean---Tommy Noonan---Robert Cummings---Pin Up Girl---Million Dollar Legs---The Oregon Trail---Fred MacMurray---Desert Sands---Ralph Meeker---Marla English","25_016.jpg;25_017.jpg","頁16##25_016.jpg---頁17##25_017.jpg","Isaac",NULL
"TVW-523297","Article","Y","25","香港電視","TV Week","香港電視出版有限公司","1968-05-01",NULL,"1968","1","25",NULL,"電影一週","5",NULL,NULL,"18","20","18","20",NULL,NULL,"18",NULL,NULL,"人海雙雛---殺子救嬌妻---合書奇緣---一雙好冤家---仗義還妻---喜臨門---舊愛新歡---黃飛鴻大戰雙門底---天山龍鳳劍---鄭君綿---曹達華---西瓜刨---黃曼梨---任劍輝---鄧碧雲---林家聲---梁醒波---羅艷卿---蘇少棠---林鳳---蕭芳芳---李香琴---羅劍郎---鳳凰女---新馬師曾---南紅---關德興---莊雪娟---何亦曾---胡楓---江樺---李清---任燕---石堅","人海雙雛---殺子救嬌妻---合書奇緣---一雙好冤家---仗義還妻---喜臨門---舊愛新歡---黃飛鴻大戰雙門底---天山龍鳳劍---鄭君綿---曹達華---西瓜刨---黃曼梨---任劍輝---鄧碧雲---林家聲---梁醒波---羅艷卿---蘇少棠---林鳳---蕭芳芳---李香琴---羅劍郎---鳳凰女---新馬師曾---南紅---關德興---莊雪娟---何亦曾---胡楓---江樺---李清---任燕---石堅","25_018.jpg;25_019.jpg;25_020.jpg","頁18##25_018.jpg---頁19##25_019.jpg---頁20##25_020.jpg","Isaac",NULL
"TVW-523298","Article","Y","25","香港電視","TV Week","香港電視出版有限公司","1968-05-01",NULL,"1968","1","25",NULL,"片集選譯","5",NULL,NULL,"21","25","21","25",NULL,NULL,"21",NULL,NULL,"鼠縱隊---克里斯托夫佐治---威廉布連特---反黑組---侯活杜夫---丹尼斯高---賓亞力山大---尊米福---法蘭麥斯維---愛登士家庭---The Addams Family---嘉露蓮鍾絲---約翰柯士甸---喬廸醫生---羅拔加爾柏---李察張伯倫---安芝迪堅遜---李斯利尼遜---我是間諜---莎莉姬拉雯---貝爾哥士比---阿利真曹萊---提奧馬古斯---鎗與裙---杜格拉斯科利---史超馬高連---布魯斯屈臣---加利雲遜---查里士麥斯維---侵略者---萊丁士---唐歌頓---充闊笑史---傑茜露絲李---菲莉絲迪拉---聰明特務---唐阿當斯---巴巴拉菲丹---柏特弗烈---尊米希斯---德薩斯人---羅利卡漢---The Rat Patrol---Christopher George---William Bryant---The Felony Squad---Howard Duff---Dennis Cole---Ben Alexander---John Milford---Frank Maxwell---Carolyn Jones---John Astin---Dr. Kildare---Robert Culp---Richard Chamberlain---Angie Dickinson---Leslie Nielsen---I Spy---Sally Kellerman---Bill Cosby---Alejandro Rey---Theo Marcuse---Pistols 'N' Petticoats---Douglas V. Fowley---Stuart Margolin---Bruce Watson---Gary Vinson---Charles Maxwell---The Invaders---Roy Thinnes---Don Gordon---The Phyllis Diller Show---Gypsy Rose Lee---Phyllis Diller---Get Smart---Don Adams---Barbara Feldon---Bert Freed---John Myhers---The Texan---Rory Calhoun","鼠縱隊---克里斯托夫佐治---威廉布連特---反黑組---侯活杜夫---丹尼斯高---賓亞力山大---尊米福---法蘭麥斯維---愛登士家庭---The Addams Family---嘉露蓮鍾絲---約翰柯士甸---喬廸醫生---羅拔加爾柏---李察張伯倫---安芝迪堅遜---李斯利尼遜---我是間諜---莎莉姬拉雯---貝爾哥士比---阿利真曹萊---提奧馬古斯---鎗與裙---杜格拉斯科利---史超馬高連---布魯斯屈臣---加利雲遜---查里士麥斯維---侵略者---萊丁士---唐歌頓---充闊笑史---傑茜露絲李---菲莉絲迪拉---聰明特務---唐阿當斯---巴巴拉菲丹---柏特弗烈---尊米希斯---德薩斯人---羅利卡漢---The Rat Patrol---Christopher George---William Bryant---The Felony Squad---Howard Duff---Dennis Cole---Ben Alexander---John Milford---Frank Maxwell---Carolyn Jones---John Astin---Dr. Kildare---Robert Culp---Richard Chamberlain---Angie Dickinson---Leslie Nielsen---I Spy---Sally Kellerman---Bill Cosby---Alejandro Rey---Theo Marcuse---Pistols 'N' Petticoats---Douglas V. Fowley---Stuart Margolin---Bruce Watson---Gary Vinson---Charles Maxwell---The Invaders---Roy Thinnes---Don Gordon---The Phyllis Diller Show---Gypsy Rose Lee---Phyllis Diller---Get Smart---Don Adams---Barbara Feldon---Bert Freed---John Myhers---The Texan---Rory Calhoun","25_021.jpg;25_022.jpg;25_023.jpg;25_024.jpg;25_025.jpg","頁21##25_021.jpg---頁22##25_022.jpg---頁23##25_023.jpg---頁24##25_024.jpg---頁25##25_025.jpg","Isaac",NULL
"TVW-523299","Article","Y","25","香港電視","TV Week","香港電視出版有限公司","1968-05-01",NULL,"1968","1","25",NULL,"慈雲山下","5",NULL,NULL,"26","27","26","27",NULL,NULL,"26",NULL,NULL,"鄭君綿---沈殿霞---蔡和平---李大為---藍天---梁醒波---歡樂今宵---劉家麟---晨操心得---杜平","鄭君綿---沈殿霞---蔡和平---李大為---藍天---梁醒波---歡樂今宵---劉家麟---晨操心得---杜平","25_026.jpg;25_027.jpg","頁26##25_026.jpg---頁27##25_027.jpg","Isaac",NULL
"TVW-523300","Article","Y","25","香港電視","TV Week","香港電視出版有限公司","1968-05-01",NULL,"1968","1","25","冷氣病","老夫子","17","王澤",NULL,"26","27","26","27",NULL,NULL,"26",NULL,NULL,"老夫子","老夫子","25_026.jpg;25_027.jpg","頁26##25_026.jpg---頁27##25_027.jpg","Isaac",NULL
"TVW-352700","Article","Y","956","香港電視","TV Week","香港電視出版有限公司","1986-02-27","1986-03-07","1986","1","956",NULL,NULL,"14",NULL,NULL,"1","1","888","888",NULL,NULL,"1",NULL,NULL,"香港電視---黃日華---龔慈恩---世界盃","香港電視---黃日華---龔慈恩---世界盃","956_001.jpg","封面##956_001.jpg","TY",NULL
"TVW-352701","Article","Y","956","香港電視","TV Week","香港電視出版有限公司","1986-02-27","1986-03-07","1986","1","956",NULL,NULL,"1",NULL,NULL,"2","2","2","2",NULL,NULL,"2",NULL,NULL,"味之素","味之素","956_002.jpg","頁2##956_002.jpg","TY",NULL
"TVW-352702","Article","Y","956","香港電視","TV Week","香港電視出版有限公司","1986-02-27","1986-03-07","1986","1","956",NULL,NULL,"1",NULL,NULL,"3","3","3","3",NULL,NULL,"3",NULL,NULL,"奇偉","奇偉","956_003.jpg","頁3##956_003.jpg","TY",NULL
"TVW-352703","Article","Y","956","香港電視","TV Week","香港電視出版有限公司","1986-02-27","1986-03-07","1986","1","956",NULL,NULL,"1",NULL,NULL,"4","4","4","4",NULL,NULL,"4",NULL,NULL,"周生生珠寶金行有限公司","周生生珠寶金行有限公司","956_004.jpg","頁4##956_004.jpg","TY",NULL
"TVW-352704","Article","Y","956","香港電視","TV Week","香港電視出版有限公司","1986-02-27","1986-03-07","1986","1","956",NULL,NULL,"1",NULL,NULL,"5","5","5","5",NULL,NULL,"5",NULL,NULL,"科藝","科藝","956_005.jpg","頁5##956_005.jpg","TY",NULL
"TVW-352705","Article","Y","956","香港電視","TV Week","香港電視出版有限公司","1986-02-27","1986-03-07","1986","1","956",NULL,NULL,"3",NULL,NULL,"5","5","5","5",NULL,NULL,"5",NULL,NULL,NULL,NULL,"956_005.jpg","頁5##956_005.jpg","TY",NULL
"TVW-352706","Article","Y","956","香港電視","TV Week","香港電視出版有限公司","1986-02-27","1986-03-07","1986","1","956","華仔怒摑龔仔有續集：龔慈恩寃情大爆炸！","封面特寫","6","佩詩","于港民---伍遐鳴","6","10","6","10",NULL,NULL,"6",NULL,NULL,"黃日華---龔慈恩---梁潔華---薛丁山征西","黃日華---龔慈恩---梁潔華---薛丁山征西","956_006.jpg---956_007.jpg---956_008.jpg---956_009.jpg---956_010.jpg","頁6##956_006.jpg---頁7##956_007.jpg---頁8##956_008.jpg---頁9##956_009.jpg---頁10##956_010.jpg","TY","<p>華仔怒摑龔仔有續集：龔慈恩寃情大爆炸！</p><p>打？愛？恨？是是非非說不完，且聽她來怎麼說……</p><p>「黃日華怒摑龔慈恩……」</p><p>「龔慈恩、黃日華分手……」</p><p>「黃日華懷念梁潔華……」</p><p>「梁潔華不再留戀那段情……」</p><p>嘩！「八卦」聞此起彼伏，多角戀情鬧得熱哄哄，眞是「複雜過複雜」。</p><p>老編來電，喝令追査眞相。於是不斷搖電話約晤上述有關人等。可是，由過年前到過年後，華仔踪跡全無，亦不覆電；「華姐」梁潔華亦芳踪杳然；打電話找龔仔(龔慈恩的花名)，多次也沒有人接聽。無可奈何，到無線公關部査詢，原來龔仔放大假，聽說將往加拿大旅遊。</p><p>怎辦？截稿時間迫近，爲了向老編交代，眞是煞費躊躇……</p><p>就如武俠小說形容：「正在千鈞一髪之際」，案頭電話鈴響，正是龔仔之音。我們相約在一個地方吃下午茶。</p><p>春天，還有點冷，加上春雨綿綿，駕車到約會地點，天雨路滑，恰遇交通擠塞，到目的地時，泊好了車，看看腕錶，已過時了。</p><p>連奔帶跑走進咖啡座，遙見龔仔正在看報，心才安定下來。「對不起。」我向她說了一遲到的原因，還沒坐下，她便把報紙「塞」了過來：</p><p>「眞係冇解嘅，點解佢哋總係將我拉埋落去！」</p><p>我接過報紙，徐徐坐下。老實說，打從她與華仔「拍拖」的消息傳出後，心中一直打着問號。如今機不可失，正好「八她一八」。</p><p>「究竟是怎麼一囘事？」</p><p>「怎麼一囘事？」她像滿肚怨鬱，乗機向我大爆發：「與你相識這麽久，你還不淸楚我的爲人？其實，我和華仔僅是朋友，過去數月因工作關係聚在一起。相處檢會多了，談得也很投契。相信這是外傳我倆『拍拖』的原因！一</p><p>「旣然如此，因停當初你不否認！」</p><p>「作爲一個藝員，類似的新聞經常都會出現，那能解釋得那麼多；何况在解釋時，稍一措詞不當-可能又會帶來不必要的是非，越描越黑、弄巧反拙。」</p><p>「旣然如此，因何不久前又傳你們因性格不合而分手呢?」</p><p>「這個我就不淸楚了。要知，我們旣沒有『拍』，又怎會『分』呢？」</p><p>「那麽，『聖誕前夕事件』又如何？」</p><p>相信稍爲留意娛樂圈新聞的讀者都還記得，在去年尾曾潯出黃日華在平安夜掌摑龔慈恩。</p><p>「談起這事，更加令人叫屈。如你深想一下，便知此等事情不會發生的。試想想：華仔會是一個動手打女孩子的人嗎？更何况是爲了去的士高玩這麽小的事。」</p><p>她啜了口果汁，謹續說「其實，我們那天確曾在一起。因收工後，一班藝員嚷着宵夜，但夜已深，很多食店已收舖了，於是有人提議去的士高。那時我委實很疲倦，所以推了他們，獨自囘家去了。</p><p>事情就是這樣。想不到有人衍出了『續集』。」</p><p>「然則『薛丁山征西』記者招待會上，你因何缺席，是否爲了避開華仔？」</p><p>「避開，我的確是想避開，但不是華仔。我祇是怕再次將我與華仔的事連在一起，影響了劇集的宣傳。不過，意料不到的是，我的缺席，竟也引起其他的揣測。」</p><p>「發生了這件事後，你有何感想？」</p><p>「我覺得很無辜，也有多少像被利用的感覺。老實說，我一直都把事業放在前頭，大部分時間全花在工作方面；男女間，感情事，不談也罷。何况，我現正是起步，開步開得不錯，怎會在這時錯踏步伐，盡廢前功！花不來，花不來。」別了龔仔，又想起了華仔。爲什麽他避了我？爲什麽他不說話？難道他又另有苦衷？</p>"
"TVW-352707","Article","Y","956","香港電視","TV Week","香港電視出版有限公司","1986-02-27","1986-03-07","1986","1","956",NULL,NULL,"1",NULL,NULL,"7","7","7","7",NULL,NULL,"7",NULL,NULL,"中亞","中亞","956_007.jpg","頁7##956_007.jpg","TY",NULL
"TVW-352708","Article","Y","956","香港電視","TV Week","香港電視出版有限公司","1986-02-27","1986-03-07","1986","1","956",NULL,NULL,"1",NULL,NULL,"9","9","9","9",NULL,NULL,"9",NULL,NULL,"香港電視","香港電視","956_009.jpg","頁9##956_009.jpg","TY",NULL
"TVW-352709","Article","Y","956","香港電視","TV Week","香港電視出版有限公司","1986-02-27","1986-03-07","1986","1","956",NULL,NULL,"1",NULL,NULL,"11","11","11","11",NULL,NULL,"11",NULL,NULL,"見聞會社","見聞會社","956_011.jpg","頁11##956_011.jpg","TY",NULL
"TVW-352710","Article","Y","956","香港電視","TV Week","香港電視出版有限公司","1986-02-27","1986-03-07","1986","1","956","「名牌」代表甚麼？",NULL,"6","劉淑華",NULL,"12","15","12","15",NULL,NULL,"12",NULL,NULL,"萬梓良---林建明---關禮傑---唐麗球---林佐瀚---龔慈恩","萬梓良---林建明---關禮傑---唐麗球---林佐瀚---龔慈恩","956_012.jpg---956_013.jpg---956_014.jpg---956_015.jpg","頁12##956_012.jpg---頁13##956_013.jpg---頁14##956_014.jpg---頁15##956_015.jpg","TY",NULL
"TVW-352711","Article","Y","956","香港電視","TV Week","香港電視出版有限公司","1986-02-27","1986-03-07","1986","1","956","劉兆銘使人又恨又氣！——演小人物逼眞得令人難以置信",NULL,"6","雨萍","伍遐鳴","16","17","16","17",NULL,NULL,"16",NULL,NULL,"劉兆銘---新紮師兄續集---儂本多情","劉兆銘---新紮師兄續集---儂本多情","956_016.jpg---956_017.jpg","頁16##956_016.jpg---頁17##956_017.jpg","TY",NULL
"TVW-352712","Article","Y","956","香港電視","TV Week","香港電視出版有限公司","1986-02-27","1986-03-07","1986","1","956","王愛倫在日本洩露秘密",NULL,"6","亦尚","王愛倫","18","19","18","19",NULL,NULL,"18",NULL,NULL,"王愛倫---香港旅遊協會---香港小姐---馬倩衡","王愛倫---香港旅遊協會---香港小姐---馬倩衡","956_018.jpg---956_019.jpg","頁18##956_018.jpg---頁19##956_019.jpg","TY",NULL
"TVW-352713","Article","Y","956","香港電視","TV Week","香港電視出版有限公司","1986-02-27","1986-03-07","1986","1","956","探張美智的裏面",NULL,"6","青荇","鄭國光","20","24","20","24",NULL,NULL,"20",NULL,NULL,"張美智---健美小姐---劉美娟---何美婷","張美智---健美小姐---劉美娟---何美婷","956_020.jpg---956_021.jpg---956_022.jpg---956_023.jpg---956_024.jpg","頁20##956_020.jpg---頁21##956_021.jpg---頁22##956_022.jpg---頁23##956_023.jpg---頁24##956_024.jpg","TY",NULL
"TVW-352714","Article","Y","956","香港電視","TV Week","香港電視出版有限公司","1986-02-27","1986-03-07","1986","1","956","寶蓮燈大顯神威！","戲劇之頁","5","青荇","雷永成","25","25","25","25",NULL,NULL,"25",NULL,NULL,"寶蓮燈---汪明荃---歡樂今宵---甘志輝---任達華---楊盼盼---余綺霞---盧海鵬---秦沛---譚炳文---俞明---李海生---陳國權---黎少芳---余子明---關灼元---鄭君熾---劉丹---羅浩楷---葉尚華---盧大偉---莊文清---程思俊---麥皓為---賈思樂---廖安麗---劉雅麗---龍天生---吳麗珠---鄧英敏---詹秉熙---吳君如---吳孟達---吳茜薇---李龍基---何樹燊---何璧堅---謝虹---陳有后---李樹佳","寶蓮燈---汪明荃---歡樂今宵---甘志輝---任達華---楊盼盼---余綺霞---盧海鵬---秦沛---譚炳文---俞明---李海生---陳國權---黎少芳---余子明---關灼元---鄭君熾---劉丹---羅浩楷---葉尚華---盧大偉---莊文清---程思俊---麥皓為---賈思樂---廖安麗---劉雅麗---龍天生---吳麗珠---鄧英敏---詹秉熙---吳君如---吳孟達---吳茜薇---李龍基---何樹燊---何璧堅---謝虹---陳有后---李樹佳","956_025.jpg","頁25##956_025.jpg","TY",NULL
"TVW-352715","Article","Y","956","香港電視","TV Week","香港電視出版有限公司","1986-02-27","1986-03-07","1986","1","956","寶蓮燈人物介紹",NULL,"5","青荇","雷永成","26","29","26","29",NULL,NULL,"26",NULL,NULL,"寶蓮燈---汪明荃---任達華---盧海鵬---楊盼盼---秦沛---余綺霞---鄭君熾","寶蓮燈---汪明荃---任達華---盧海鵬---楊盼盼---秦沛---余綺霞---鄭君熾","956_026.jpg---956_027.jpg---956_028.jpg---956_029.jpg","頁26##956_026.jpg---頁27##956_027.jpg---頁28##956_028.jpg---頁29##956_029.jpg",NULL,NULL
"TVW-352716","Article","Y","956","香港電視","TV Week","香港電視出版有限公司","1986-02-27","1986-03-07","1986","1","956","寶蓮燈","歡樂今宵","5",NULL,"雷永成","30","31","30","31",NULL,NULL,"30",NULL,NULL,"寶蓮燈---歡樂今宵","寶蓮燈---歡樂今宵","956_030.jpg---956_031.jpg","頁30##956_030.jpg---頁31##956_031.jpg","TY",NULL
"TVW-352717","Article","Y","956","香港電視","TV Week","香港電視出版有限公司","1986-02-27","1986-03-07","1986","1","956",NULL,NULL,"1",NULL,NULL,"32","32","32","32",NULL,NULL,"32",NULL,NULL,"清盈---花王","清盈---花王","956_032.jpg","頁32##956_032.jpg","TY",NULL
"TVW-352718","Article","Y","956","香港電視","TV Week","香港電視出版有限公司","1986-02-27","1986-03-07","1986","1","956","狄青","翡翠劇集","5",NULL,"劉國光","33","37","33","37",NULL,NULL,"33",NULL,NULL,"戴誌衞---狄青---苗僑偉---夏雨---謝寧---陶大宇---李琳琳---曾江---楊澤霖---黎美嫻","戴誌衞---狄青---苗僑偉---夏雨---謝寧---陶大宇---李琳琳---曾江---楊澤霖---黎美嫻","956_033.jpg---956_034.jpg---956_035.jpg---956_036.jpg---956_037.jpg","頁33##956_033.jpg---頁34##956_034.jpg---頁35##956_035.jpg---頁36##956_036.jpg---頁37##956_037.jpg","TY",NULL
"TVW-352719","Article","Y","956","香港電視","TV Week","香港電視出版有限公司","1986-02-27","1986-03-07","1986","1","956",NULL,NULL,"1",NULL,NULL,"33","37","33","37",NULL,NULL,"33",NULL,NULL,"勁量","勁量","956_033.jpg---956_034.jpg---956_035.jpg---956_036.jpg---956_037.jpg","頁33##956_033.jpg---頁34##956_034.jpg---頁35##956_035.jpg---頁36##956_036.jpg---頁37##956_037.jpg","TY",NULL
"TVW-352720","Article","Y","956","香港電視","TV Week","香港電視出版有限公司","1986-02-27","1986-03-07","1986","1","956",NULL,NULL,"1",NULL,NULL,"34","34","34","34",NULL,NULL,"34",NULL,NULL,"日本航空公司","日本航空公司","956_034.jpg","頁34##956_034.jpg","TY",NULL
"TVW-352721","Article","Y","956","香港電視","TV Week","香港電視出版有限公司","1986-02-27","1986-03-07","1986","1","956",NULL,NULL,"1",NULL,NULL,"36","36","36","36",NULL,NULL,"36",NULL,NULL,"富達菲女傭","富達菲女傭","956_036.jpg","頁36##956_036.jpg","TY",NULL
"TVW-352722","Article","Y","956","香港電視","TV Week","香港電視出版有限公司","1986-02-27","1986-03-07","1986","1","956",NULL,NULL,"1",NULL,NULL,"37","37","37","37",NULL,NULL,"37",NULL,NULL,"見聞會社---太古旅遊","見聞會社---太古旅遊","956_037.jpg","頁37##956_037.jpg","TY",NULL
"TVW-352723","Article","Y","956","香港電視","TV Week","香港電視出版有限公司","1986-02-27","1986-03-07","1986","1","956",NULL,NULL,"1",NULL,NULL,"38","38","38","38",NULL,NULL,"38",NULL,NULL,"新加坡航空公司","新加坡航空公司","956_038.jpg","頁38##956_038.jpg","TY",NULL
"TVW-352724","Article","Y","956","香港電視","TV Week","香港電視出版有限公司","1986-02-27","1986-03-07","1986","1","956","薛丁山征西","翡翠劇集","5",NULL,"于港民","39","41","39","41",NULL,NULL,"39",NULL,NULL,"薛丁山征西---黃日華---陳敏兒---龔慈恩---夏雨---高妙思---楊盼盼---李國麟---黎漢持---潘宏彬","薛丁山征西---黃日華---陳敏兒---龔慈恩---夏雨---高妙思---楊盼盼---李國麟---黎漢持---潘宏彬","956_039.jpg---956_040.jpg---956_041.jpg","頁39##956_039.jpg---頁40##956_040.jpg---頁41##956_041.jpg","TY",NULL
"TVW-352725","Article","Y","956","香港電視","TV Week","香港電視出版有限公司","1986-02-27","1986-03-07","1986","1","956",NULL,NULL,"1",NULL,NULL,"39","41","39","41",NULL,NULL,"39",NULL,NULL,"百佳","百佳","956_039.jpg---956_040.jpg---956_041.jpg","頁39##956_039.jpg---頁40##956_040.jpg---頁41##956_041.jpg","TY",NULL
"TVW-352726","Article","Y","956","香港電視","TV Week","香港電視出版有限公司","1986-02-27","1986-03-07","1986","1","956",NULL,NULL,"1",NULL,NULL,"42","42","42","42",NULL,NULL,"42",NULL,NULL,"星晨旅遊有限公司","星晨旅遊有限公司","956_042.jpg","頁42##956_042.jpg","TY",NULL
"TVW-352727","Article","Y","956","香港電視","TV Week","香港電視出版有限公司","1986-02-27","1986-03-07","1986","1","956","執位夫妻",NULL,"5",NULL,NULL,"43","43","43","43",NULL,NULL,"43",NULL,NULL,"執位夫妻","執位夫妻","956_043.jpg","頁43##956_043.jpg","TY",NULL
"TVW-352728","Article","Y","956","香港電視","TV Week","香港電視出版有限公司","1986-02-27","1986-03-07","1986","1","956",NULL,NULL,"1",NULL,NULL,"43","43","43","43",NULL,NULL,"43",NULL,NULL,"環宇菲傭","環宇菲傭","956_043.jpg","頁43##956_043.jpg","TY",NULL
"TVW-352729","Article","Y","956","香港電視","TV Week","香港電視出版有限公司","1986-02-27","1986-03-07","1986","1","956",NULL,NULL,"1",NULL,NULL,"44","44","44","44",NULL,NULL,"44",NULL,NULL,"神蹟奇案---諾曼朱維遜---安賓歌羅馥---瑪姬蒂妮---珍芳達---哥倫比亞電影公司---Agnes of god","神蹟奇案---諾曼朱維遜---安賓歌羅馥---瑪姬蒂妮---珍芳達---哥倫比亞電影公司---Agnes of god","956_044.jpg","頁44##956_044.jpg","TY",NULL
"TVW-352730","Article","Y","956","香港電視","TV Week","香港電視出版有限公司","1986-02-27","1986-03-07","1986","1","956","金錢以外",NULL,"5","青荇",NULL,"45","45","45","45",NULL,NULL,"45",NULL,NULL,"金錢以外---廉政公署---香港電台","金錢以外---廉政公署---香港電台","956_045.jpg","頁45##956_045.jpg","TY",NULL
"TVW-352731","Article","Y","956","香港電視","TV Week","香港電視出版有限公司","1986-02-27","1986-03-07","1986","1","956",NULL,NULL,"1",NULL,NULL,"46","46","46","46",NULL,NULL,"46",NULL,NULL,"碧利菲傭","碧利菲傭","956_046.jpg","頁46##956_046.jpg","TY",NULL
"TVW-352732","Article","Y","956","香港電視","TV Week","香港電視出版有限公司","1986-02-27","1986-03-07","1986","1","956","烽火姻緣的魅力",NULL,"4","嘉瑜","單文亮","47","49","47","49",NULL,NULL,"47",NULL,NULL,"馮麗雯---李菩生---任冰兒---烽火姻緣---雛鳳鳴粵劇團---靚次伯","馮麗雯---李菩生---任冰兒---烽火姻緣---雛鳳鳴粵劇團---靚次伯","956_047.jpg---956_048.jpg---956_049.jpg","頁47##956_047.jpg---頁48##956_048.jpg---頁49##956_049.jpg","TY",NULL
"TVW-352733","Article","Y","956","香港電視","TV Week","香港電視出版有限公司","1986-02-27","1986-03-07","1986","1","956",NULL,NULL,"1",NULL,NULL,"48","51","48","51",NULL,NULL,"48",NULL,NULL,"健樂仙","健樂仙","956_048.jpg---956_049.jpg---956_050.jpg---956_051.jpg","頁48##956_048.jpg---頁49##956_049.jpg---頁50##956_050.jpg---頁51##956_051.jpg","TY",NULL
"TVW-352734","Article","Y","956","香港電視","TV Week","香港電視出版有限公司","1986-02-27","1986-03-07","1986","1","956","新秀種籽選拔賽競猜遊戲獎品豐富",NULL,"5","亦尚",NULL,"50","50","50","50",NULL,NULL,"50",NULL,NULL,"新秀種籽選拔賽---歡樂今宵","新秀種籽選拔賽---歡樂今宵","956_050.jpg","頁50##956_050.jpg","TY",NULL
"TVW-352735","Article","Y","956","香港電視","TV Week","香港電視出版有限公司","1986-02-27","1986-03-07","1986","1","956","綜合個體心得發揮整體效果－－談「新秀種籽選拔賽」髮型設計",NULL,"5","亦尚",NULL,"51","51","51","51",NULL,NULL,"51",NULL,NULL,"新秀種籽選拔賽---海濤髮型集團---林杰華","新秀種籽選拔賽---海濤髮型集團---林杰華","956_051.jpg","頁51##956_051.jpg","TY",NULL
"TVW-352736","Article","Y","956","香港電視","TV Week","香港電視出版有限公司","1986-02-27","1986-03-07","1986","1","956",NULL,NULL,"10",NULL,NULL,"52","52","52","52",NULL,NULL,"52",NULL,NULL,"棋逢敵手---歡樂今宵","棋逢敵手---歡樂今宵","956_052.jpg","頁52##956_052.jpg","TY",NULL
"TVW-352737","Article","Y","956","香港電視","TV Week","香港電視出版有限公司","1986-02-27","1986-03-07","1986","1","956","玩法更刺激，獎品更豐富　「棋逢敵手」再次出擊！",NULL,"5",NULL,NULL,"52","52","52","52",NULL,NULL,"52",NULL,NULL,"棋逢敵手---鄭裕玲---李龍基","棋逢敵手---鄭裕玲---李龍基","956_052.jpg","頁52##956_052.jpg","TY",NULL
"TVW-352738","Article","Y","956","香港電視","TV Week","香港電視出版有限公司","1986-02-27","1986-03-07","1986","1","956","星晨旅遊着着先",NULL,"5","嘉瑜",NULL,"52","52","52","52",NULL,NULL,"52",NULL,NULL,"歡樂今宵","歡樂今宵","956_052.jpg","頁52##956_052.jpg",NULL,NULL
"TVW-352739","Article","Y","956","香港電視","TV Week","香港電視出版有限公司","1986-02-27","1986-03-07","1986","1","956","超級飛機師倫敦之行",NULL,"5","袁家兒",NULL,"53","53","53","53",NULL,NULL,"53",NULL,NULL,"李樹元---林煒琦---430穿梭機---譚玉瑛---英國航空","李樹元---林煒琦---430穿梭機---譚玉瑛---英國航空","956_053.jpg","頁53##956_053.jpg","TY",NULL
"TVW-352740","Article","Y","956","香港電視","TV Week","香港電視出版有限公司","1986-02-27","1986-03-07","1986","1","956","神劍魔力　銀河七星","無線活動花絮","5",NULL,NULL,"54","54","54","54",NULL,NULL,"54",NULL,NULL,"神劍魔刀---蕭笙---區偉麟---歐瑞偉---王敏明---張美智---吳茜薇---蔡嘉莉---劉碧儀","神劍魔刀---蕭笙---區偉麟---歐瑞偉---王敏明---張美智---吳茜薇---蔡嘉莉---劉碧儀","956_054.jpg","頁54##956_054.jpg","TY",NULL
"TVW-352741","Article","Y","956","香港電視","TV Week","香港電視出版有限公司","1986-02-27","1986-03-07","1986","1","956","新秀種籽選拔賽記者會","無線活動花絮","5",NULL,NULL,"55","55","55","55",NULL,NULL,"55",NULL,NULL,"新秀種籽選拔賽---梅艷芳","新秀種籽選拔賽---梅艷芳","956_055.jpg","頁55##956_055.jpg","TY",NULL
"TVW-352742","Article","Y","956","香港電視","TV Week","香港電視出版有限公司","1986-02-27","1986-03-07","1986","1","956","86世界盃同樂日","無線活動花絮","5",NULL,NULL,"56","56","56","56",NULL,NULL,"56",NULL,NULL,"世界盃---馬清儀","世界盃---馬清儀","956_056.jpg","頁56##956_056.jpg",NULL,NULL
"TVW-352743","Article","Y","956","香港電視","TV Week","香港電視出版有限公司","1986-02-27","1986-03-07","1986","1","956","美國中文電視翡翠台服務提供到洛杉磯縣東南部",NULL,"23",NULL,NULL,"56","57","56","57",NULL,NULL,"56",NULL,NULL,"電視廣播有限公司---中文電視翡翠台---美國鍾斯有線電視公司---Jones Intercable","電視廣播有限公司---中文電視翡翠台---美國鍾斯有線電視公司---Jones Intercable","956_056.jpg---956_057.jpg","頁56##956_056.jpg---頁57##956_057.jpg","TY",NULL
"TVW-352744","Article","Y","956","香港電視","TV Week","香港電視出版有限公司","1986-02-27","1986-03-07","1986","1","956","86青少年大使","無線活動花絮","7",NULL,NULL,"57","57","57","57",NULL,NULL,"57",NULL,NULL,"彭鏡光---謝少祥---潘芳芳---江欣燕---胡越山","彭鏡光---謝少祥---潘芳芳---江欣燕---胡越山","956_057.jpg","頁57##956_057.jpg","TY",NULL
"TVW-352745","Article","Y","956","香港電視","TV Week","香港電視出版有限公司","1986-02-27","1986-03-07","1986","1","956","三月區域議局及市政局選舉　無線新聞部全面報導　巡迴在各區現塲直播",NULL,"5",NULL,NULL,"57","57","57","57",NULL,NULL,"57",NULL,NULL,"電視廣播有限公司---何鉅華---陸嘉敏---蘇凌峰---八六區域議局及市政局選舉","電視廣播有限公司---何鉅華---陸嘉敏---蘇凌峰---八六區域議局及市政局選舉","956_057.jpg","頁57##956_057.jpg","TY",NULL
"TVW-352746","Article","Y","956","香港電視","TV Week","香港電視出版有限公司","1986-02-27","1986-03-07","1986","1","956","產品安全遊戲設計比賽",NULL,"5","卓穎",NULL,"58","58","58","58",NULL,NULL,"58",NULL,NULL,"青春前線---消費者委員會---公益少年團---產品安全遊戲設計比賽---樂善堂余近卿中學---信義中學---香港道教聯合會圓玄學院第一中學---聖貞德學校---佛教善德英文中學---閩僑中學---東華二院李潤田紀念中學","青春前線---消費者委員會---公益少年團---產品安全遊戲設計比賽---樂善堂余近卿中學---信義中學---香港道教聯合會圓玄學院第一中學---聖貞德學校---佛教善德英文中學---閩僑中學---東華二院李潤田紀念中學","956_058.jpg","頁58##956_058.jpg","TY",NULL
"TVW-352747","Article","Y","956","香港電視","TV Week","香港電視出版有限公司","1986-02-27","1986-03-07","1986","1","956","阿信的故事","花王新姿劇塲","5",NULL,NULL,"58","59","58","59",NULL,NULL,"58",NULL,NULL,"阿信的故事","阿信的故事","956_058.jpg---956_059.jpg","頁58##956_058.jpg---頁59##956_059.jpg","TY",NULL
"TVW-352748","Article","Y","956","香港電視","TV Week","香港電視出版有限公司","1986-02-27","1986-03-07","1986","1","956","無線獲贈石灣陶藝　虎年迎金財",NULL,"7",NULL,NULL,"59","59","59","59",NULL,NULL,"59",NULL,NULL,"石灣陶瓷工藝廠---電視廣播有限公司---鍾汝榮---香港早晨","石灣陶瓷工藝廠---電視廣播有限公司---鍾汝榮---香港早晨","956_059.jpg","頁59##956_059.jpg","TY",NULL
"TVW-352749","Article","Y","956","香港電視","TV Week","香港電視出版有限公司","1986-02-27","1986-03-07","1986","1","956","世界電視探索　紀錄片興衰",NULL,"5",NULL,NULL,"59","59","59","59",NULL,NULL,"59",NULL,NULL,"世界電視探索","世界電視探索","956_059.jpg","頁59##956_059.jpg","TY",NULL
"TVW-352750","Article","Y","956","香港電視","TV Week","香港電視出版有限公司","1986-02-27","1986-03-07","1986","1","956","無線舉行座談會討論青少年問題",NULL,"7","青荇","鄭國江","60","62","60","62",NULL,NULL,"60",NULL,NULL,"電視廣播有限公司---蕭孫郁標---吳自弢---周梁淑怡---陳德恒---潘宗光---蔡元雲---陳寶珠","電視廣播有限公司---蕭孫郁標---吳自弢---周梁淑怡---陳德恒---潘宗光---蔡元雲---陳寶珠","956_060.jpg---956_061.jpg---956_062.jpg","頁60##956_060.jpg---頁61##956_061.jpg---頁62##956_062.jpg","TY",NULL
"TVW-352751","Article","Y","956","香港電視","TV Week","香港電視出版有限公司","1986-02-27","1986-03-07","1986","1","956",NULL,NULL,"1",NULL,NULL,"62","62","62","62",NULL,NULL,"62",NULL,NULL,"奪標","奪標","956_062.jpg","頁62##956_062.jpg","TY",NULL
"TVW-352752","Article","Y","956","香港電視","TV Week","香港電視出版有限公司","1986-02-27","1986-03-07","1986","1","956","雛鳳鳴敬老義演",NULL,"6","迎風","鄭國光","63","63","63","63",NULL,NULL,"63",NULL,NULL,"李菩生---陳慶祥---馮麗雯---雛鳳鳴粵劇團","李菩生---陳慶祥---馮麗雯---雛鳳鳴粵劇團","956_063.jpg","頁63##956_063.jpg","TY",NULL
"TVW-352753","Article","Y","956","香港電視","TV Week","香港電視出版有限公司","1986-02-27","1986-03-07","1986","1","956","「豪客賀喜事賭塲得意」有獎問答遊戲中獎名單：",NULL,"12",NULL,NULL,"63","63","63","63",NULL,NULL,"63",NULL,NULL,"軒尼詩---香港電視","軒尼詩---香港電視","956_063.jpg","頁63##956_063.jpg","TY",NULL
"TVW-352754","Article","Y","956","香港電視","TV Week","香港電視出版有限公司","1986-02-27","1986-03-07","1986","1","956",NULL,"廣播事業論壇","7",NULL,NULL,"64","65","64","65",NULL,NULL,"64",NULL,NULL,"香港人協會---香港電台---鍾湛士---香港社會服務聯會---張敏儀---何錦輝---Hong Kong Belongers Association","香港人協會---香港電台---鍾湛士---香港社會服務聯會---張敏儀---何錦輝---Hong Kong Belongers Association","956_064.jpg---956_065.jpg","頁64##956_064.jpg---頁65##956_065.jpg","TY",NULL
"TVW-352755","Article","Y","956","香港電視","TV Week","香港電視出版有限公司","1986-02-27","1986-03-07","1986","1","956","不合自由港的氣候","讀者來函","7",NULL,NULL,"64","64","64","64",NULL,NULL,"64",NULL,NULL,"香港電台","香港電台","956_064.jpg","頁64##956_064.jpg",NULL,NULL
"TVW-352756","Article","Y","956","香港電視","TV Week","香港電視出版有限公司","1986-02-27","1986-03-07","1986","1","956","范寬谿山行旅圖","國寶","7","伍永光",NULL,"66","66","66","66",NULL,NULL,"66",NULL,NULL,NULL,NULL,"956_066.jpg","頁66##956_066.jpg","TY",NULL
"TVW-352757","Article","Y","956","香港電視","TV Week","香港電視出版有限公司","1986-02-27","1986-03-07","1986","1","956",NULL,NULL,"1",NULL,NULL,"67","67","67","67",NULL,NULL,"67",NULL,NULL,"康泰旅行社","康泰旅行社","956_067.jpg","頁67##956_067.jpg","TY",NULL
"TVW-352758","Article","Y","956","香港電視","TV Week","香港電視出版有限公司","1986-02-27","1986-03-07","1986","1","956",NULL,NULL,"1",NULL,NULL,"68","68","68","68",NULL,NULL,"68",NULL,NULL,"海外僱傭中心","海外僱傭中心","956_068.jpg","頁68##956_068.jpg","TY",NULL
"TVW-352759","Article","Y","956","香港電視","TV Week","香港電視出版有限公司","1986-02-27","1986-03-07","1986","1","956",NULL,NULL,"1",NULL,NULL,"69","69","69","69",NULL,NULL,"69",NULL,NULL,"ITT羅蘭士","ITT羅蘭士","956_069.jpg","頁69##956_069.jpg","TY",NULL
"TVW-352760","Article","Y","956","香港電視","TV Week","香港電視出版有限公司","1986-02-27","1986-03-07","1986","1","956",NULL,NULL,"1",NULL,NULL,"70","70","70","70",NULL,NULL,"70",NULL,NULL,"皇室牌","皇室牌","956_070.jpg","頁70##956_070.jpg","TY",NULL
"TVW-352761","Article","Y","956","香港電視","TV Week","香港電視出版有限公司","1986-02-27","1986-03-07","1986","1","956",NULL,NULL,"1",NULL,NULL,"71","71","71","71",NULL,NULL,"71",NULL,NULL,"杜蕾斯","杜蕾斯","956_071.jpg","頁71##956_071.jpg","TY",NULL
"TVW-352762","Article","Y","956","香港電視","TV Week","香港電視出版有限公司","1986-02-27","1986-03-07","1986","1","956",NULL,NULL,"1",NULL,NULL,"72","73","72","73",NULL,NULL,"72",NULL,NULL,"雅柏表","雅柏表","956_072.jpg---956_073.jpg","頁72##956_072.jpg---頁73##956_073.jpg","TY",NULL
"TVW-352763","Article","Y","956","香港電視","TV Week","香港電視出版有限公司","1986-02-27","1986-03-07","1986","1","956",NULL,NULL,"1",NULL,NULL,"74","75","74","75",NULL,NULL,"74",NULL,NULL,"富蘭克林鑄幣公司","富蘭克林鑄幣公司","956_074.jpg---956_075.jpg","頁74##956_074.jpg---頁75##956_075.jpg","TY",NULL
"TVW-352764","Article","Y","956","香港電視","TV Week","香港電視出版有限公司","1986-02-27","1986-03-07","1986","1","956",NULL,NULL,"1",NULL,NULL,"76","76","76","76",NULL,NULL,"76",NULL,NULL,"統一食品","統一食品","956_076.jpg","頁76##956_076.jpg","TY",NULL
"TVW-352765","Article","Y","956","香港電視","TV Week","香港電視出版有限公司","1986-02-27","1986-03-07","1986","1","956",NULL,NULL,"11",NULL,NULL,"77","91","77","91",NULL,NULL,"77",NULL,NULL,NULL,NULL,"956_077.jpg---956_078.jpg---956_079.jpg---956_080.jpg---956_081.jpg---956_082.jpg---956_083.jpg---956_084.jpg---956_085.jpg---956_086.jpg---956_087.jpg---956_088.jpg---956_089.jpg---956_090.jpg---956_091.jpg","頁77##956_077.jpg---頁78##956_078.jpg---頁79##956_079.jpg---頁80##956_080.jpg---頁81##956_081.jpg---頁82##956_082.jpg---頁83##956_083.jpg---頁84##956_084.jpg---頁85##956_085.jpg---頁86##956_086.jpg---頁87##956_087.jpg---頁88##956_088.jpg---頁89##956_089.jpg---頁90##956_090.jpg---頁91##956_091.jpg","TY",NULL
"TVW-352766","Article","Y","956","香港電視","TV Week","香港電視出版有限公司","1986-02-27","1986-03-07","1986","1","956",NULL,NULL,"1",NULL,NULL,"78","78","78","78",NULL,NULL,"78",NULL,NULL,"原子浣腸---福壽化學製藥廠","原子浣腸---福壽化學製藥廠","956_078.jpg","頁78##956_078.jpg","TY",NULL
"TVW-352767","Article","Y","956","香港電視","TV Week","香港電視出版有限公司","1986-02-27","1986-03-07","1986","1","956",NULL,"節目簡報","5",NULL,NULL,"78","90","78","90",NULL,NULL,"78",NULL,NULL,"史提芬莉鮑華絲---彼得奧圖---柏利京---洛史德加---安東尼鶴健士---蘇珊森瑪絲---錯體愛情---安東尼法蘭蘇沙---美格科絲達---芭芭拉荷茜---安東尼昆---情深愛更深---天魔劫---特技人---安德魯史提芬斯---Across 110th street---史提夫韋士白---洛地麥都華---走投無路---影城浮華錄---嘉芙蓮瑪莉史超活---V---The stunt man","史提芬莉鮑華絲---彼得奧圖---柏利京---洛史德加---安東尼鶴健士---蘇珊森瑪絲---錯體愛情---安東尼法蘭蘇沙---美格科絲達---芭芭拉荷茜---安東尼昆---情深愛更深---天魔劫---特技人---安德魯史提芬斯---Across 110th street---史提夫韋士白---洛地麥都華---走投無路---影城浮華錄---嘉芙蓮瑪莉史超活---V---The stunt man","956_078.jpg---956_079.jpg---956_080.jpg---956_081.jpg---956_082.jpg---956_083.jpg---956_084.jpg---956_085.jpg---956_086.jpg---956_087.jpg---956_088.jpg---956_089.jpg---956_090.jpg","頁78##956_078.jpg---頁79##956_079.jpg---頁80##956_080.jpg---頁81##956_081.jpg---頁82##956_082.jpg---頁83##956_083.jpg---頁84##956_084.jpg---頁85##956_085.jpg---頁86##956_086.jpg---頁87##956_087.jpg---頁88##956_088.jpg---頁89##956_089.jpg---頁90##956_090.jpg","TY",NULL
"TVW-352768","Article","Y","956","香港電視","TV Week","香港電視出版有限公司","1986-02-27","1986-03-07","1986","1","956",NULL,NULL,"1",NULL,NULL,"78","78","78","78",NULL,NULL,"78",NULL,NULL,"小太陽兒童教育中心---達利電腦訓練中心","小太陽兒童教育中心---達利電腦訓練中心","956_078.jpg","頁78##956_078.jpg","TY",NULL
"TVW-352769","Article","Y","956","香港電視","TV Week","香港電視出版有限公司","1986-02-27","1986-03-07","1986","1","956",NULL,NULL,"1",NULL,NULL,"79","89","79","89",NULL,NULL,"79",NULL,NULL,"子母牌","子母牌","956_079.jpg---956_080.jpg---956_081.jpg---956_082.jpg---956_083.jpg---956_084.jpg---956_085.jpg---956_086.jpg---956_087.jpg---956_088.jpg---956_089.jpg","頁79##956_079.jpg---頁80##956_080.jpg---頁81##956_081.jpg---頁82##956_082.jpg---頁83##956_083.jpg---頁84##956_084.jpg---頁85##956_085.jpg---頁86##956_086.jpg---頁87##956_087.jpg---頁88##956_088.jpg---頁89##956_089.jpg","TY",NULL
"TVW-352770","Article","Y","956","香港電視","TV Week","香港電視出版有限公司","1986-02-27","1986-03-07","1986","1","956",NULL,NULL,"10",NULL,NULL,"80","80","80","80",NULL,NULL,"80",NULL,NULL,"430穿梭機","430穿梭機","956_080.jpg","頁80##956_080.jpg","TY",NULL
"TVW-352771","Article","Y","956","香港電視","TV Week","香港電視出版有限公司","1986-02-27","1986-03-07","1986","1","956",NULL,NULL,"1",NULL,NULL,"80","80","80","80",NULL,NULL,"80",NULL,NULL,"博覽旅遊有限公司","博覽旅遊有限公司","956_080.jpg","頁80##956_080.jpg","TY",NULL
"TVW-352772","Article","Y","956","香港電視","TV Week","香港電視出版有限公司","1986-02-27","1986-03-07","1986","1","956",NULL,NULL,"1",NULL,NULL,"82","82","82","82",NULL,NULL,"82",NULL,NULL,"施務露","施務露","956_082.jpg","頁82##956_082.jpg","TY",NULL
"TVW-352773","Article","Y","956","香港電視","TV Week","香港電視出版有限公司","1986-02-27","1986-03-07","1986","1","956",NULL,NULL,"1",NULL,NULL,"82","82","82","82",NULL,NULL,"82",NULL,NULL,"避爾咳","避爾咳","956_082.jpg","頁82##956_082.jpg","TY",NULL
"TVW-352774","Article","Y","956","香港電視","TV Week","香港電視出版有限公司","1986-02-27","1986-03-07","1986","1","956","英文字趣　In a word",NULL,"11",NULL,NULL,"84","84","84","84",NULL,NULL,"84",NULL,NULL,"英文字趣","英文字趣","956_084.jpg","頁84##956_084.jpg","TY",NULL
"TVW-352775","Article","Y","956","香港電視","TV Week","香港電視出版有限公司","1986-02-27","1986-03-07","1986","1","956",NULL,NULL,"1",NULL,NULL,"84","84","84","84",NULL,NULL,"84",NULL,NULL,"匯基菲傭","匯基菲傭","956_084.jpg","頁84##956_084.jpg","TY",NULL
"TVW-352776","Article","Y","956","香港電視","TV Week","香港電視出版有限公司","1986-02-27","1986-03-07","1986","1","956","柯達好事成雙中獎名單：",NULL,"12",NULL,NULL,"86","86","86","86",NULL,NULL,"86",NULL,NULL,"柯達---歡樂今宵","柯達---歡樂今宵","956_086.jpg","頁86##956_086.jpg","TY",NULL
"TVW-352777","Article","Y","956","香港電視","TV Week","香港電視出版有限公司","1986-02-27","1986-03-07","1986","1","956",NULL,NULL,"1",NULL,NULL,"86","86","86","86",NULL,NULL,"86",NULL,NULL,"博益出版集團有限公司---幸福綿綿---李安求---區松柏","博益出版集團有限公司---幸福綿綿---李安求---區松柏","956_086.jpg","頁86##956_086.jpg","TY",NULL
"TVW-352778","Article","Y","956","香港電視","TV Week","香港電視出版有限公司","1986-02-27","1986-03-07","1986","1","956",NULL,NULL,"1",NULL,NULL,"88","88","88","88",NULL,NULL,"88",NULL,NULL,"精華遊","精華遊","956_088.jpg","頁88##956_088.jpg","TY",NULL
"TVW-352779","Article","Y","956","香港電視","TV Week","香港電視出版有限公司","1986-02-27","1986-03-07","1986","1","956","勁歌金榜　第三週結果",NULL,"5",NULL,NULL,"90","90","90","90",NULL,NULL,"90",NULL,NULL,"勁歌金曲---張學友---譚詠麟---編織---朋友---林子祥---這一個夜---徐小鳳---冬---蔡楓華---絕對空虛---吻別---張國榮---陳潔靈---誰令你心痴---鄺美雲---離別的搖籃曲---何嘉麗---傷心酒店---Amour","勁歌金曲---張學友---譚詠麟---編織---朋友---林子祥---這一個夜---徐小鳳---冬---蔡楓華---絕對空虛---吻別---張國榮---陳潔靈---誰令你心痴---鄺美雲---離別的搖籃曲---何嘉麗---傷心酒店---Amour","956_090.jpg","頁90##956_090.jpg",NULL,NULL
"TVW-352780","Article","Y","956","香港電視","TV Week","香港電視出版有限公司","1986-02-27","1986-03-07","1986","1","956",NULL,NULL,"1",NULL,NULL,"90","90","90","90",NULL,NULL,"90",NULL,NULL,"獅子辣椒膏布","獅子辣椒膏布","956_090.jpg","頁90##956_090.jpg","TY",NULL
"TVW-352781","Article","Y","956","香港電視","TV Week","香港電視出版有限公司","1986-02-27","1986-03-07","1986","1","956",NULL,NULL,"1",NULL,NULL,"91","91","91","91",NULL,NULL,"91",NULL,NULL,"壽星公煉奶","壽星公煉奶","956_091.jpg","頁91##956_091.jpg","TY",NULL
"TVW-352782","Article","Y","956","香港電視","TV Week","香港電視出版有限公司","1986-02-27","1986-03-07","1986","1","956",NULL,NULL,"1",NULL,NULL,"92","94","92","94",NULL,NULL,"92",NULL,NULL,"王仁曼芭蕾舞學校---正形設計學校---吳湘霞芭蕾舞學校---中國皮膚專科治療院---廣州周大文皮膚專科綜合治療院---德信烹飪學校---郭榮中藥研究院---黃雅芳婦科---香港私家偵探社---呂律---標榜髮型美容訓練中心---趙美卿---美聯偵探社---伍卓琪---聲光電視修理---專業電腦中心---德法廚師學校---通利琴行---黃詩音---劉玉堂---李鍾岳---葉美玲---麗華裁剪學校---袁峯---佐敦藝術中心---漢韶舞坊---皇家偵探社---德誠烹飪學院---鍾應堂---第一工程","王仁曼芭蕾舞學校---正形設計學校---吳湘霞芭蕾舞學校---中國皮膚專科治療院---廣州周大文皮膚專科綜合治療院---德信烹飪學校---郭榮中藥研究院---黃雅芳婦科---香港私家偵探社---呂律---標榜髮型美容訓練中心---趙美卿---美聯偵探社---伍卓琪---聲光電視修理---專業電腦中心---德法廚師學校---通利琴行---黃詩音---劉玉堂---李鍾岳---葉美玲---麗華裁剪學校---袁峯---佐敦藝術中心---漢韶舞坊---皇家偵探社---德誠烹飪學院---鍾應堂---第一工程","956_092.jpg---956_093.jpg---956_094.jpg","頁92##956_092.jpg---頁93##956_093.jpg---頁94##956_094.jpg","TY",NULL
"TVW-352783","Article","Y","956","香港電視","TV Week","香港電視出版有限公司","1986-02-27","1986-03-07","1986","1","956",NULL,NULL,"10",NULL,NULL,"94","94","94","94",NULL,NULL,"94",NULL,NULL,"婦女新姿","婦女新姿","956_094.jpg","頁94##956_094.jpg","TY",NULL
"TVW-352784","Article","Y","956","香港電視","TV Week","香港電視出版有限公司","1986-02-27","1986-03-07","1986","1","956",NULL,NULL,"1",NULL,NULL,"95","95","95","95",NULL,NULL,"95",NULL,NULL,"家樂牌---婦女新姿","家樂牌---婦女新姿","956_095.jpg","頁95##956_095.jpg","TY",NULL
"TVW-352785","Article","Y","956","香港電視","TV Week","香港電視出版有限公司","1986-02-27","1986-03-07","1986","1","956",NULL,NULL,"1",NULL,NULL,"96","96","96","96",NULL,NULL,"96",NULL,NULL,"日本紅歌星精選特輯---寶麗金唱片有限公司","日本紅歌星精選特輯---寶麗金唱片有限公司","956_096.jpg","頁96##956_096.jpg","TY",NULL
"TVW-352786","Article","Y","956","香港電視","TV Week","香港電視出版有限公司","1986-02-27","1986-03-07","1986","1","956","高齡人仕健康指南　下","事事關心　無線精神","8",NULL,NULL,"97","101","97","101",NULL,NULL,"97",NULL,NULL,NULL,NULL,"956_097.jpg---956_098.jpg---956_099.jpg---956_100.jpg---956_101.jpg","頁97##956_097.jpg---頁98##956_098.jpg---頁99##956_099.jpg---頁100##956_100.jpg---頁101##956_101.jpg","TY",NULL
"TVW-352787","Article","Y","956","香港電視","TV Week","香港電視出版有限公司","1986-02-27","1986-03-07","1986","1","956",NULL,NULL,"1",NULL,NULL,"98","98","98","98",NULL,NULL,"98",NULL,NULL,"奇峯菲傭","奇峯菲傭","956_098.jpg","頁98##956_098.jpg","TY",NULL
"TVW-352788","Article","Y","956","香港電視","TV Week","香港電視出版有限公司","1986-02-27","1986-03-07","1986","1","956",NULL,NULL,"1",NULL,NULL,"100","100","100","100",NULL,NULL,"100",NULL,NULL,"永安旅遊","永安旅遊","956_100.jpg","頁100##956_100.jpg","TY",NULL
"TVW-352789","Article","Y","956","香港電視","TV Week","香港電視出版有限公司","1986-02-27","1986-03-07","1986","1","956",NULL,"扶桑通訊","6","本刋東京特派記者陳守强",NULL,"102","103","102","103",NULL,NULL,"102",NULL,NULL,"吉川晃司---紅白歌唱大賽---苦杮隊---河合奈保子---摩登時代---齊藤由貴---雪的斷章---日本放送協會---跳駒---Take it easy","吉川晃司---紅白歌唱大賽---苦杮隊---河合奈保子---摩登時代---齊藤由貴---雪的斷章---日本放送協會---跳駒---Take it easy","956_102.jpg---956_103.jpg","頁102##956_102.jpg---頁103##956_103.jpg","TY",NULL
"TVW-352790","Article","Y","956","香港電視","TV Week","香港電視出版有限公司","1986-02-27","1986-03-07","1986","1","956",NULL,NULL,"1",NULL,NULL,"104","104","104","104",NULL,NULL,"104",NULL,NULL,"新加坡航空公司","新加坡航空公司","956_104.jpg","頁104##956_104.jpg","TY",NULL
"TVW-352791","Article","Y","956","香港電視","TV Week","香港電視出版有限公司","1986-02-27","1986-03-07","1986","1","956","矇豬眼對矇豬眼",NULL,"7","林憶蓮",NULL,"105","105","105","105",NULL,NULL,"105",NULL,NULL,"矇豬眼對矇豬眼---林憶蓮---呂方---五輪真弓---新地任你點","矇豬眼對矇豬眼---林憶蓮---呂方---五輪真弓---新地任你點","956_105.jpg","頁105##956_105.jpg","TY",NULL
"TVW-352792","Article","Y","956","香港電視","TV Week","香港電視出版有限公司","1986-02-27","1986-03-07","1986","1","956",NULL,NULL,"10",NULL,NULL,"106","107","106","107",NULL,NULL,"106",NULL,NULL,"430穿梭機---新地任你點","430穿梭機---新地任你點","956_106.jpg---956_107.jpg","頁106##956_106.jpg---頁107##956_107.jpg","TY",NULL
"TVW-352793","Article","Y","956","香港電視","TV Week","香港電視出版有限公司","1986-02-27","1986-03-07","1986","1","956","「超强力潔厠Ki Wi更衛生清香」有獎問答比賽",NULL,"12",NULL,NULL,"106","106","106","106",NULL,NULL,"106",NULL,NULL,"奇偉---香港電視","奇偉---香港電視","956_106.jpg","頁106##956_106.jpg","TY",NULL
"TVW-352794","Article","Y","956","香港電視","TV Week","香港電視出版有限公司","1986-02-27","1986-03-07","1986","1","956",NULL,NULL,"1",NULL,NULL,"107","107","107","107",NULL,NULL,"107",NULL,NULL,"鮑比達1998音樂集---華納唱片","鮑比達1998音樂集---華納唱片","956_107.jpg","頁107##956_107.jpg","TY",NULL
"TVW-352795","Article","Y","956","香港電視","TV Week","香港電視出版有限公司","1986-02-27","1986-03-07","1986","1","956","傷殘兒童製造畸型乞丐　冷血殘忍的恐怖的人生","新片介紹","4",NULL,NULL,"108","108","108","108",NULL,NULL,"108",NULL,NULL,"恐怖的人生","恐怖的人生","956_108.jpg","頁108##956_108.jpg","TY",NULL
"TVW-352796","Article","Y","956","香港電視","TV Week","香港電視出版有限公司","1986-02-27","1986-03-07","1986","1","956","售價較相宜普及名曲欣賞","醉人的音樂－－唱片欣賞","15","陳浩才",NULL,"109","109","109","109",NULL,NULL,"109",NULL,NULL,"deutsche grammophon---畫廊---鋼琴協奏曲---基達---維也納愛樂樂團---阿巴度---鵝媽媽組曲---西班牙狂想曲---芝加哥交響樂團---朱利尼---田園交響曲---田園前奏曲集---柏林愛樂樂團---卡拉揚---悲槍---月光---廿四奏鳴曲---威咸金夫---小提琴協奏曲---平凱斯蘇卡曼---巴倫邦---序曲---船曲---英雄波蘭舞曲---第二諧謔曲---雅姬麗治---新世界交響曲---原主題交響變奏曲---巴伐利亞電台交響樂團---古撥力克---格里哥格里哥a小調鋼琴協奏曲---基沙安達---威尼斯與拿坡里---貝爾曼---意大利交響曲---未完成交響曲---仲夏夜之夢---倫敦交響樂團---郵輪小夜曲---弦樂小夜曲---卡爾般咸---the gallery","deutsche grammophon---畫廊---鋼琴協奏曲---基達---維也納愛樂樂團---阿巴度---鵝媽媽組曲---西班牙狂想曲---芝加哥交響樂團---朱利尼---田園交響曲---田園前奏曲集---柏林愛樂樂團---卡拉揚---悲槍---月光---廿四奏鳴曲---威咸金夫---小提琴協奏曲---平凱斯蘇卡曼---巴倫邦---序曲---船曲---英雄波蘭舞曲---第二諧謔曲---雅姬麗治---新世界交響曲---原主題交響變奏曲---巴伐利亞電台交響樂團---古撥力克---格里哥格里哥a小調鋼琴協奏曲---基沙安達---威尼斯與拿坡里---貝爾曼---意大利交響曲---未完成交響曲---仲夏夜之夢---倫敦交響樂團---郵輪小夜曲---弦樂小夜曲---卡爾般咸---the gallery","956_109.jpg","頁109##956_109.jpg","TY",NULL
"TVW-352797","Article","Y","956","香港電視","TV Week","香港電視出版有限公司","1986-02-27","1986-03-07","1986","1","956",NULL,NULL,"1",NULL,NULL,"110","111","110","111",NULL,NULL,"110",NULL,NULL,"寶麗金唱片有限公司---香港電視","寶麗金唱片有限公司---香港電視","956_110.jpg---956_111.jpg","頁110##956_110.jpg---頁111##956_111.jpg","TY",NULL
"TVW-352798","Article","Y","956","香港電視","TV Week","香港電視出版有限公司","1986-02-27","1986-03-07","1986","1","956","精神病（二）","醫藥專欄","8","香港醫學會",NULL,"112","113","112","113",NULL,NULL,"112",NULL,NULL,NULL,NULL,"956_112.jpg---956_113.jpg","頁112##956_112.jpg---頁113##956_113.jpg","TY",NULL
"TVW-352799","Article","Y","956","香港電視","TV Week","香港電視出版有限公司","1986-02-27","1986-03-07","1986","1","956",NULL,NULL,"10",NULL,NULL,"113","113","113","113",NULL,NULL,"113",NULL,NULL,"勁歌金曲","勁歌金曲","956_113.jpg","頁113##956_113.jpg","TY",NULL
"TVW-352800","Article","Y","956","香港電視","TV Week","香港電視出版有限公司","1986-02-27","1986-03-07","1986","1","956","「花王」牡丹忌熱忌濕","養花集","7","李英豪",NULL,"114","115","114","115",NULL,NULL,"114",NULL,NULL,NULL,NULL,"956_114.jpg---956_115.jpg","頁114##956_114.jpg---頁115##956_115.jpg","TY",NULL
"TVW-352801","Article","Y","956","香港電視","TV Week","香港電視出版有限公司","1986-02-27","1986-03-07","1986","1","956","幼兒園－－培育幼兒的樂園","關懷你","7",NULL,NULL,"116","117","116","117",NULL,NULL,"116",NULL,NULL,"香港社會服務聯會---香港電視---志願福利服務熱線傳真","香港社會服務聯會---香港電視---志願福利服務熱線傳真","956_116.jpg---956_117.jpg","頁116##956_116.jpg---頁117##956_117.jpg","TY",NULL
"TVW-352802","Article","Y","956","香港電視","TV Week","香港電視出版有限公司","1986-02-27","1986-03-07","1986","1","956","煤氣爆炸引起傷亡的保險","保險座談","7","英國皇家保險學會院士劉鼎言",NULL,"117","117","117","117",NULL,NULL,"117",NULL,NULL,NULL,NULL,"956_117.jpg","頁117##956_117.jpg","TY",NULL
"TVW-352803","Article","Y","956","香港電視","TV Week","香港電視出版有限公司","1986-02-27","1986-03-07","1986","1","956","神棍巧布「照寶石」","香港老花鏡","7","吳昊",NULL,"118","119","118","119",NULL,NULL,"118",NULL,NULL,NULL,NULL,"956_118.jpg---956_119.jpg","頁118##956_118.jpg---頁119##956_119.jpg","TY",NULL
"TVW-352804","Article","Y","956","香港電視","TV Week","香港電視出版有限公司","1986-02-27","1986-03-07","1986","1","956","廣告人年薪多少？","廣告人週記","7","文綺貞",NULL,"118","118","118","118",NULL,NULL,"118",NULL,NULL,NULL,NULL,"956_118.jpg","頁118##956_118.jpg","TY",NULL
"TVW-352805","Article","Y","956","香港電視","TV Week","香港電視出版有限公司","1986-02-27","1986-03-07","1986","1","956",NULL,NULL,"10",NULL,NULL,"119","119","119","119",NULL,NULL,"119",NULL,NULL,"勝在夠開心","勝在夠開心","956_119.jpg","頁119##956_119.jpg","TY",NULL
"TVW-352806","Article","Y","956","香港電視","TV Week","香港電視出版有限公司","1986-02-27","1986-03-07","1986","1","956","CALL機繫愛意","花不語","6","孔昭",NULL,"120","120","120","120",NULL,NULL,"120",NULL,NULL,"沈殿霞---鄭少秋","沈殿霞---鄭少秋","956_120.jpg","頁120##956_120.jpg","TY",NULL
"TVW-352807","Article","Y","956","香港電視","TV Week","香港電視出版有限公司","1986-02-27","1986-03-07","1986","1","956","「意識不良」","眼光集","15","倪匡",NULL,"120","120","120","120",NULL,NULL,"120",NULL,NULL,"梅艷芳---壞女孩---葉德嫻---我要","梅艷芳---壞女孩---葉德嫻---我要","956_120.jpg","頁120##956_120.jpg","TY",NULL
"TVW-352808","Article","Y","956","香港電視","TV Week","香港電視出版有限公司","1986-02-27","1986-03-07","1986","1","956","避孕套一定安全？","性教育信箱","8","香港家庭計劃指導會",NULL,"121","121","121","121",NULL,NULL,"121",NULL,NULL,NULL,NULL,"956_121.jpg","頁121##956_121.jpg","TY",NULL
"TVW-352809","Article","Y","956","香港電視","TV Week","香港電視出版有限公司","1986-02-27","1986-03-07","1986","1","956",NULL,NULL,"1",NULL,NULL,"121","121","121","121",NULL,NULL,"121",NULL,NULL,"安圖","安圖","956_121.jpg","頁121##956_121.jpg","TY",NULL
"TVW-352810","Article","Y","956","香港電視","TV Week","香港電視出版有限公司","1986-02-27","1986-03-07","1986","1","956",NULL,NULL,"1",NULL,NULL,"122","122","122","122",NULL,NULL,"122",NULL,NULL,"窈窕","窈窕","956_122.jpg","頁122##956_122.jpg",NULL,NULL
"TVW-352811","Article","Y","956","香港電視","TV Week","香港電視出版有限公司","1986-02-27","1986-03-07","1986","1","956",NULL,NULL,"1",NULL,NULL,"122","122","122","122",NULL,NULL,"122",NULL,NULL,"玉容丸","玉容丸","956_122.jpg","頁122##956_122.jpg","TY",NULL
"TVW-352812","Article","Y","956","香港電視","TV Week","香港電視出版有限公司","1986-02-27","1986-03-07","1986","1","956","端茶送客、起座更衣","飲食奇趣錄","7","秀官",NULL,"123","123","123","123",NULL,NULL,"123",NULL,NULL,NULL,NULL,"956_123.jpg","頁123##956_123.jpg",NULL,NULL
"TVW-352813","Article","Y","956","香港電視","TV Week","香港電視出版有限公司","1986-02-27","1986-03-07","1986","1","956","密蘇里大學","升學與就業","8","李詠君",NULL,"124","125","124","125",NULL,NULL,"124",NULL,NULL,NULL,NULL,"956_124.jpg---956_125.jpg","頁124##956_124.jpg---頁125##956_125.jpg",NULL,NULL
"TVW-352814","Article","Y","956","香港電視","TV Week","香港電視出版有限公司","1986-02-27","1986-03-07","1986","1","956","如何擺放財神","家宅風水","7","宋韶光",NULL,"124","124","124","124",NULL,NULL,"124",NULL,NULL,NULL,NULL,"956_124.jpg","頁124##956_124.jpg",NULL,NULL
"TVW-352815","Article","Y","956","香港電視","TV Week","香港電視出版有限公司","1986-02-27","1986-03-07","1986","1","956",NULL,NULL,"1",NULL,NULL,"125","125","125","125",NULL,NULL,"125",NULL,NULL,"可立治---美國施德齡藥廠","可立治---美國施德齡藥廠","956_125.jpg","頁125##956_125.jpg",NULL,NULL
"TVW-352816","Article","Y","956","香港電視","TV Week","香港電視出版有限公司","1986-02-27","1986-03-07","1986","1","956","一個攪笑龍門會－－龍門四寶","新書介紹","7","勞融聲",NULL,"126","126","126","126",NULL,NULL,"126",NULL,NULL,"博益出版集團有限公司---龍門四寶---蔡志忠","博益出版集團有限公司---龍門四寶---蔡志忠","956_126.jpg","頁126##956_126.jpg",NULL,NULL
"TVW-352817","Article","Y","956","香港電視","TV Week","香港電視出版有限公司","1986-02-27","1986-03-07","1986","1","956",NULL,NULL,"10",NULL,NULL,"126","126","126","126",NULL,NULL,"126",NULL,NULL,"歡樂今宵","歡樂今宵","956_126.jpg","頁126##956_126.jpg",NULL,NULL
"TVW-352818","Article","Y","956","香港電視","TV Week","香港電視出版有限公司","1986-02-27","1986-03-07","1986","1","956","貪","龍門陣","17","蔡志忠",NULL,"127","127","127","127",NULL,NULL,"127",NULL,NULL,"龍門陣","龍門陣","956_127.jpg","頁127##956_127.jpg",NULL,NULL
"TVW-352819","Article","Y","956","香港電視","TV Week","香港電視出版有限公司","1986-02-27","1986-03-07","1986","1","956",NULL,NULL,"1",NULL,NULL,"128","128","128","128",NULL,NULL,"128",NULL,NULL,"翠亨邨茶寮---美麗華大酒店","翠亨邨茶寮---美麗華大酒店","956_128.jpg","頁128##956_128.jpg",NULL,NULL
"TVW-352820","Article","Y","956","香港電視","TV Week","香港電視出版有限公司","1986-02-27","1986-03-07","1986","1","956",NULL,"加菲貓","17","Jim Davis",NULL,"129","129","129","129",NULL,NULL,"129",NULL,NULL,"加菲貓","加菲貓","956_129.jpg","頁129##956_129.jpg",NULL,NULL
"TVW-352821","Article","Y","956","香港電視","TV Week","香港電視出版有限公司","1986-02-27","1986-03-07","1986","1","956",NULL,NULL,"1",NULL,NULL,"130","130","130","130",NULL,NULL,"130",NULL,NULL,"聽不到的說話---手語---馬斯晨---劉青雲---黃斌---蘇祖兒---潘廸生---邵國華---岸西---洪金寶---姜大衛---陳冠中---德寶電影公司","聽不到的說話---手語---馬斯晨---劉青雲---黃斌---蘇祖兒---潘廸生---邵國華---岸西---洪金寶---姜大衛---陳冠中---德寶電影公司","956_130.jpg","頁130##956_130.jpg",NULL,NULL
"TVW-352822","Article","Y","956","香港電視","TV Week","香港電視出版有限公司","1986-02-27","1986-03-07","1986","1","956",NULL,"小樂比","17","Charles M. Schulz",NULL,"131","131","131","131",NULL,NULL,"131",NULL,NULL,"小樂比---花生漫畫","小樂比---花生漫畫","956_131.jpg","頁131##956_131.jpg",NULL,NULL
"TVW-352823","Article","Y","956","香港電視","TV Week","香港電視出版有限公司","1986-02-27","1986-03-07","1986","1","956",NULL,NULL,"1",NULL,NULL,"132","132","132","132",NULL,NULL,"132",NULL,NULL,"大都會","大都會","956_132.jpg","頁132##956_132.jpg",NULL,NULL
"TVW-352824","Article","Y","956","香港電視","TV Week","香港電視出版有限公司","1986-02-27","1986-03-07","1986","1","956","「女金剛」眼中第一女高手　瑞典網總五年計劃練女將","奪標體育","7","林慧玲",NULL,"133","134","133","134",NULL,NULL,"133",NULL,NULL,"麥根萊---娜華蒂露娃---文廸高娃---舒高娃---高廸姬絲---韋蘭特---艾特堡---謝萊德","麥根萊---娜華蒂露娃---文廸高娃---舒高娃---高廸姬絲---韋蘭特---艾特堡---謝萊德","956_133.jpg---956_134.jpg","頁133##956_133.jpg---頁134##956_134.jpg",NULL,NULL
"TVW-352825","Article","Y","956","香港電視","TV Week","香港電視出版有限公司","1986-02-27","1986-03-07","1986","1","956","八六世界盃足球賽　無綫電視獨家播映",NULL,"5",NULL,NULL,"135","136","135","136",NULL,NULL,"135",NULL,NULL,"世界盃---林尚明---劉國榮---林嘉華---陳秀珠---廖啟智---區瑞強---賴仁蘭尼---潘宗明---林慧玲---余懷英---蔡育瑜","世界盃---林尚明---劉國榮---林嘉華---陳秀珠---廖啟智---區瑞強---賴仁蘭尼---潘宗明---林慧玲---余懷英---蔡育瑜","956_135.jpg---956_136.jpg","頁135##956_135.jpg---頁136##956_136.jpg",NULL,NULL
"TVW-352826","Article","Y","956","香港電視","TV Week","香港電視出版有限公司","1986-02-27","1986-03-07","1986","1","956",NULL,NULL,"10",NULL,NULL,"136","136","136","136",NULL,NULL,"136",NULL,NULL,"世界盃","世界盃","956_136.jpg","頁136##956_136.jpg",NULL,NULL
"TVW-352827","Article","Y","956","香港電視","TV Week","香港電視出版有限公司","1986-02-27","1986-03-07","1986","1","956","廿四外圍隊走遍高山火海","世界盃專輯","7","潘宗明",NULL,"137","139","137","139",NULL,NULL,"137",NULL,NULL,"世界盃---紐碧加---胡士堡","世界盃---紐碧加---胡士堡","956_137.jpg---956_138.jpg---956_139.jpg","頁137##956_137.jpg---頁138##956_138.jpg---頁139##956_139.jpg",NULL,NULL
"TVW-352828","Article","Y","956","香港電視","TV Week","香港電視出版有限公司","1986-02-27","1986-03-07","1986","1","956","薛高走得快好世界","星光熠熠","6","潘宗明",NULL,"139","140","139","140",NULL,NULL,"139",NULL,NULL,"山坦拿---祖利亞---科高---蘇古迪斯---薜高---施里蘇","山坦拿---祖利亞---科高---蘇古迪斯---薜高---施里蘇","956_139.jpg---956_140.jpg","頁139##956_139.jpg---頁140##956_140.jpg",NULL,NULL
"TVW-352829","Article","Y","956","香港電視","TV Week","香港電視出版有限公司","1986-02-27","1986-03-07","1986","1","956",NULL,NULL,"1",NULL,NULL,"141","141","141","141",NULL,NULL,"141",NULL,NULL,"珊瑚沖印","珊瑚沖印","956_141.jpg","頁141##956_141.jpg",NULL,NULL
"TVW-352830","Article","Y","956","香港電視","TV Week","香港電視出版有限公司","1986-02-27","1986-03-07","1986","1","956","陳庭威與龔慈恩有緣",NULL,"2",NULL,NULL,"142","143","142","143",NULL,NULL,"142",NULL,NULL,"陳庭威---龔慈恩---大廈---銀色旅途","陳庭威---龔慈恩---大廈---銀色旅途","956_142.jpg---956_143.jpg","頁142##956_142.jpg---頁143##956_143.jpg",NULL,NULL
"TVW-352831","Article","Y","956","香港電視","TV Week","香港電視出版有限公司","1986-02-27","1986-03-07","1986","1","956",NULL,NULL,"1",NULL,NULL,"144","144","999","999",NULL,NULL,"144",NULL,NULL,"雲絲頓","雲絲頓","956_144.jpg","封底##956_144.jpg",NULL,NULL